Time,Reaction 1 Event Log,Reaction 1 Stirrer 1:Speed,Reaction 1 Stirrer 1:Speed Set Point,Reaction 1 Stirrer 1:Torque,Reaction 1 Stirrer 2:Speed,Reaction 1 Stirrer 2:Speed Set Point,Reaction 1 Stirrer 2:Torque,Reaction 1 Temp Probe 1:T,Reaction 1 Temp Probe 2:T,Reaction 2 Event Log,Reaction 2 Stirrer 3:Speed,Reaction 2 Stirrer 3:Speed Set Point,Reaction 2 Stirrer 3:Torque,Reaction 2 Temp Probe 1:T
00:00:00,StepStarted Stirrer 1 - Hold Frequency at 40rpm:StepStarted Stirrer 2 - Stopped,0,,0,0,,0,69.2,74.6,StepStarted Stirrer 3 - Hold Frequency at 40rpm,0,40,0,79.8
00:00:10,StepFinished Stirrer 2 - Stopped:StepStarted Stirrer 2 - Hold Frequency at 40rpm,41,40,-7.32,0,40,0,69.2,74.5,,40,40,8.6,79.8
00:00:20,,41,40,0,41,40,0,69.2,74.4,,40,40,3,79.7
00:00:30,,41,40,-0.01,41,40,0,69.3,74.3,,40,40,10.2,79.7
00:00:40,,41,40,0.03,41,40,0,69.3,74.2,,40,40,6.3,79.7
00:00:50,,41,40,0.04,41,40,0,69.4,74.2,,40,40,9.9,79.7
00:01:00,,41,40,-0.04,41,40,0,69.4,74.2,,40,40,1.5,79.7
00:01:10,StepFinished Stirrer 1 - Hold Frequency at 40rpm:StepStarted Stirrer 1 - Hold Frequency at 40rpm,41,40,0,41,40,0,69.5,74.2,,40,40,10.4,79.7
00:01:20,,41,40,-0.02,41,40,0,69.6,74.1,,40,40,2,79.7
00:01:30,,41,40,-0.01,41,40,0,69.6,74,,40,40,11.9,79.6
00:01:40,StepFinished Stirrer 1 - Hold Frequency at 40rpm:StepStarted Stirrer 1 - Hold Frequency at 50rpm:StepFinished Stirrer 2 - Hold Frequency at 40rpm:StepStarted Stirrer 2 - Hold Frequency at 50rpm,47,50,-0.13,41,40,0,69.8,74.1,,40,40,1.2,79.7
00:01:50,,50,50,-1.23,50,50,0,70,74.1,,40,40,7.6,79.7
00:02:00,,50,50,-1.46,50,50,0,70.1,74.1,,40,40,0.7,79.6
00:02:10,,50,50,-1.47,50,50,0,70.3,74.1,,40,40,9.1,79.6
00:02:20,,50,50,-1.13,50,50,0,70.5,74.1,,40,40,2,79.5
00:02:30,,50,50,-1.37,50,50,0,70.7,74.1,,40,40,7.3,79.6
00:02:40,,50,50,-1.18,50,50,0,70.9,74.1,,40,40,2.8,79.5
00:02:50,,50,50,-0.84,50,50,0,71.1,74,,40,40,7.6,79.5
00:03:00,,50,50,-1.34,50,50,0,71.3,73.9,,40,40,1.7,79.5
00:03:10,,50,50,-1.21,50,50,0,71.5,73.9,,40,40,5.8,79.5
00:03:20,,50,50,-1.04,50,50,0,71.7,74,,40,40,-0.2,79.5
00:03:30,,50,50,-1.36,50,50,0,72,73.9,,40,40,8.9,79.5
00:03:40,,50,50,-0.97,50,50,0,72.2,74,,40,40,3,79.4
00:03:50,,50,50,-1.34,50,50,0,72.3,74,,40,40,7.3,79.4
00:04:00,,50,50,-1.49,50,50,0,72.6,74.1,,40,40,9.6,79.4
00:04:10,,50,50,-0.88,50,50,0,72.7,74.1,,40,40,8.9,79.4
00:04:20,,50,50,-1.23,50,50,0,72.9,74.1,,40,40,2,79.4
00:04:30,,50,50,-1.36,50,50,0,73.1,74.1,,40,40,4,79.4
00:04:40,,50,50,-1.01,50,50,0,73.3,74.1,,40,40,8.4,79.4
00:04:50,,50,50,-1.5,50,50,0,73.5,74.1,,40,40,2,79.4
00:05:00,,50,50,-1.33,50,50,0,73.7,74.1,,40,40,5.3,79.4
00:05:10,,50,50,-1.51,50,50,0,73.8,74.1,,40,40,7.1,79.4
00:05:20,,50,50,-1.49,50,50,0,74.1,74.2,,40,40,8.4,79.4
00:05:30,,50,50,-1.17,50,50,0,74.2,74.2,,40,40,6.6,79.4
00:05:40,,50,50,-1.33,50,50,0,74.4,74.2,,40,40,6.1,79.4
00:05:50,,50,50,-1.26,50,50,0,74.5,74.2,,40,40,6.3,79.4
00:06:00,StepFinished Stirrer 2 - Hold Frequency at 50rpm:StepStarted Stirrer 2 - Hold Frequency at 8rpm,50,50,-1.23,0,8,0,74.7,74.2,,40,40,9.4,79.4
00:06:10,,50,50,-1.47,0,8,0,75,74.3,,40,40,10.4,79.4
00:06:20,,50,50,-1.36,0,8,0,76.1,74.3,,40,40,3.3,79.5
00:06:30,,50,50,-1.26,0,8,0,77.5,74.3,,40,40,8.9,79.5
00:06:40,,50,50,-1.59,0,8,0,78.6,74.3,,40,40,4,79.6
00:06:50,,50,50,-1.33,0,8,0,79.4,74.4,,40,40,6.3,79.7
00:07:00,,50,50,-1.27,0,8,0,79.8,74.3,,40,40,5.8,79.8
00:07:10,,50,50,-1.43,0,8,0,80,74.3,,40,40,4,79.9
00:07:20,,50,50,-1.1,0,8,0,80.1,74.3,,40,40,10.2,79.9
00:07:30,,50,50,-1.42,0,8,0,80.2,74.4,,40,40,0,80
00:07:40,,50,50,-1.54,0,8,0,80.3,74.4,,40,40,7.3,80
00:07:50,,50,50,-1.03,0,8,0,80.3,74.4,,40,40,3.8,80.1
00:08:00,,50,50,-1.58,0,8,0,80.3,74.4,,40,40,10.4,80.1
00:08:10,,50,50,-1.14,0,8,0,80.4,74.4,,40,40,0.5,80.2
00:08:20,,50,50,-1.26,0,8,0,80.4,74.4,,40,40,7.3,80.2
00:08:30,,50,50,-1.51,0,8,0,80.4,74.4,,40,40,1,80.2
00:08:40,,50,50,-1.09,0,8,0,80.3,74.4,,40,40,8.1,80.3
00:08:50,StepFinished Stirrer 2 - Hold Frequency at 8rpm:StepStarted Stirrer 2 - Hold Frequency at 50rpm,50,50,-1.58,22,50,0,79.9,74.5,,40,40,3.3,80.3
00:09:00,,50,50,-0.98,50,50,0,79.6,74.5,,40,40,7.1,80.4
00:09:10,,50,50,-1.01,50,50,0,79.3,74.6,,40,40,1.7,80.4
00:09:20,,50,50,-1.43,50,50,0,79.2,74.6,,40,40,8.9,80.4
00:09:30,,50,50,-1.22,50,50,0,79,74.5,,40,40,2.8,80.4
00:09:40,,50,50,-1.14,50,50,0,78.9,74.5,,40,40,3.5,80.4
00:09:50,,50,50,-1.61,50,50,0,78.9,74.5,,40,40,6.1,80.5
00:10:00,,50,50,-1.28,50,50,0,78.8,74.5,,40,40,9.9,80.5
00:10:10,,50,50,-1.27,50,50,0,78.8,74.5,,40,40,5.1,80.5
00:10:20,,50,50,-1.4,50,50,0,78.8,74.5,,40,40,10.4,80.6
00:10:30,,50,50,-0.9,50,50,0,78.8,74.5,,40,40,1.7,80.6
00:10:40,,50,50,-1.28,50,50,0,78.8,74.5,,40,40,9.1,80.6
00:10:50,,50,50,-1.43,50,50,0,78.8,74.6,,40,40,3.8,80.7
00:11:00,,50,50,-1.07,50,50,0,78.8,74.5,,40,40,8.6,80.7
00:11:10,,50,50,-1.49,50,50,0,78.9,74.5,,40,40,0.2,80.7
00:11:20,,50,50,-1.05,50,50,0,78.9,74.5,,40,40,7.3,80.7
00:11:30,,50,50,-1.17,50,50,0,78.9,74.5,,40,40,4,80.8
00:11:40,,50,50,-1.54,50,50,0,79,74.5,,40,40,4,80.8
00:11:50,,50,50,-1.03,50,50,0,79,74.5,,40,40,0,80.9
00:12:00,,50,50,-1.33,50,50,0,79,74.4,,40,40,6.8,80.9
00:12:10,,50,50,-1.41,50,50,0,79,74.4,,40,40,4.3,80.9
00:12:20,,50,50,-0.96,50,50,0,79.1,74.4,,40,40,8.1,80.9
00:12:30,,50,50,-1.4,50,50,0,79.2,74.4,,40,40,0.7,80.9
00:12:40,,50,50,-1.12,50,50,0,79.2,74.4,,40,40,6.3,80.9
00:12:50,,50,50,-1.01,50,50,0,79.3,74.5,,40,40,5.3,81
00:13:00,,50,50,-1.48,50,50,0,79.3,74.5,,40,40,3.3,81
00:13:10,,50,50,-1.13,50,50,0,79.3,74.5,,40,40,3.3,81
00:13:20,,50,50,-1.17,50,50,0,79.4,74.4,,40,40,9.6,81
00:13:30,,50,50,-1.23,50,50,0,79.4,74.5,,40,40,2.5,81
00:13:40,,50,50,-0.87,50,50,0,79.5,74.4,,40,40,4.3,81
00:13:50,,50,50,-1.22,50,50,0,79.5,74.4,,40,40,5.6,81
00:14:00,StepFinished Stirrer 2 - Hold Frequency at 50rpm:StepStarted Stirrer 2 - Hold Frequency at 8rpm,50,50,-0.87,0,8,0,79.5,74.4,,40,40,6.1,81
00:14:10,,50,50,-0.92,0,8,0,79.7,74.4,,40,40,8.4,81
00:14:20,,50,50,-1.27,0,8,0,80.3,74.4,,40,40,2.2,81
00:14:30,,50,50,-1.02,0,8,0,81,74.4,,40,40,3.5,81
00:14:40,,50,50,-0.98,0,8,0,81.5,74.4,,40,40,4.5,81
00:14:50,,50,50,-1.49,0,8,0,81.7,74.3,,40,40,8.4,81
00:15:00,,50,50,-0.98,0,8,0,81.9,74.4,,40,40,1,81.1
00:15:10,,50,50,-1.13,0,8,0,82,74.4,,40,40,3.3,81
00:15:20,,50,50,-1,0,8,0,82.1,74.4,,40,40,3.8,81
00:15:30,,50,50,-1,0,8,0,82.1,74.4,,40,40,8.6,81
00:15:40,,50,50,-1.26,0,8,0,82.2,74.4,,40,40,0.7,81
00:15:50,,50,50,-0.96,0,8,0,82.1,74.4,,40,40,4.3,81
00:16:00,,50,50,-0.72,0,8,0,82.1,74.4,,40,40,3,80.9
00:16:10,,50,50,-1.31,0,8,0,82.1,74.4,,40,40,8.4,80.9
00:16:20,,50,50,-1.18,0,8,0,82.2,74.4,,40,40,0.5,80.9
00:16:30,,50,50,-0.83,0,8,0,82.2,74.4,,40,40,8.6,80.9
00:16:40,,50,50,-1.17,0,8,0,82.2,74.4,,40,40,3.3,80.9
00:16:50,,50,50,-0.68,0,8,0,82.2,74.4,,40,40,2.5,80.8
00:17:00,,50,50,-1.02,0,8,0,82.2,74.4,,40,40,6.6,80.9
00:17:10,,50,50,-1.19,0,8,0,82,74.4,,40,40,7.1,80.9
00:17:20,StepFinished Stirrer 2 - Hold Frequency at 8rpm:StepStarted Stirrer 2 - Hold Frequency at 50rpm,50,50,-1.29,0,50,0,81.6,74.4,,40,40,3.5,80.9
00:17:30,,50,50,-0.96,50,50,0,81.4,74.4,,40,40,10.7,80.9
00:17:40,,50,50,-0.78,50,50,0,81.1,74.4,,40,40,4.5,80.9
00:17:50,,50,50,-0.84,50,50,0,81,74.4,,40,40,11.7,80.9
00:18:00,,50,50,-1.26,50,50,0,80.9,74.4,,40,40,3.8,80.9
00:18:10,,50,50,-0.78,50,50,0,80.8,74.4,,40,40,10.2,80.9
00:18:20,,50,50,-0.76,50,50,0,80.8,74.4,,40,40,1.2,80.9
00:18:30,,50,50,-1.33,50,50,0,80.7,74.4,,40,40,9.4,80.9
00:18:40,,50,50,-0.87,50,50,0,80.7,74.4,,40,40,1.5,80.9
00:18:50,,50,50,-1.14,50,50,0,80.5,74.4,,40,40,8.9,80.9
00:19:00,,50,50,-1.16,50,50,0,80.3,74.4,,40,40,0.7,80.9
00:19:10,,50,50,-0.69,50,50,0,80.1,74.5,,40,40,8.1,80.9
00:19:20,,50,50,-1.16,50,50,0,79.9,74.5,,40,40,3,80.9
00:19:30,,50,50,-1.18,50,50,0,79.8,74.5,,40,40,8.6,80.9
00:19:40,,50,50,-0.77,50,50,0,79.5,74.5,,40,40,0.5,80.9
00:19:50,,50,50,-1.22,50,50,0,79.3,74.4,,40,40,7.1,80.9
00:20:00,,50,50,-0.88,50,50,0,79.1,74.4,,40,40,3.5,80.9
00:20:10,,50,50,-0.97,50,50,0,78.9,74.4,,40,40,6.1,80.8
00:20:20,,50,50,-1.27,50,50,0,78.7,74.4,,40,40,2.2,80.8
00:20:30,,50,50,-0.89,50,50,0,78.4,74.4,,40,40,7.6,80.8
00:20:40,,50,50,-1.04,50,50,0,78.2,74.3,,40,40,1.5,80.8
00:20:50,,50,50,-1.17,50,50,0,77.9,74.3,,40,40,8.1,80.8
00:21:00,,50,50,-0.88,50,50,0,77.7,74.3,,40,40,2.5,80.8
00:21:10,,50,50,-1.11,50,50,0,77.4,74.3,,40,40,7.1,80.8
00:21:20,,50,50,-1.06,50,50,0,77.2,74.4,,40,40,6.8,80.8
00:21:30,,50,50,-0.63,50,50,0,76.9,74.4,,40,40,4.5,80.8
00:21:40,,50,50,-1.26,50,50,0,76.6,74.3,,40,40,6.6,80.8
00:21:50,,50,50,-1.18,50,50,0,76.4,74.3,,40,40,9.9,80.8
00:22:00,,50,50,-0.93,50,50,0,76.3,74.3,,40,40,7.6,80.8
00:22:10,,50,50,-1.21,50,50,0,76.1,74.3,,40,40,8.6,80.8
00:22:20,,50,50,-0.94,50,50,0,76,74.3,,40,40,4.3,80.8
00:22:30,StepFinished Stirrer 2 - Hold Frequency at 50rpm:StepStarted Stirrer 2 - Hold Frequency at 8rpm,50,50,-1.08,50,50,0,75.8,74.3,,40,40,5.3,80.8
00:22:40,,50,50,-0.89,0,8,0,75.7,74.3,,40,40,7.1,80.8
00:22:50,,50,50,-0.71,0,8,0,76.2,74.3,,40,40,1.5,80.8
00:23:00,,50,50,-1.12,0,8,0,77.4,74.3,,40,40,4.5,80.8
00:23:10,,50,50,-1.41,0,8,0,78.6,74.3,,40,40,4.5,80.8
00:23:20,,50,50,-0.98,0,8,0,79.4,74.3,,40,40,6.8,80.8
00:23:30,,50,50,-1.29,0,8,0,80,74.3,,40,40,1,80.8
00:23:40,,50,50,-0.88,49,8,0,80.4,74.3,,40,40,6.3,80.8
00:23:50,,50,50,-0.8,35,8,0,80.9,74.3,,40,40,8.6,80.8
00:24:00,,50,50,-1.33,40,8,0,81.3,74.3,,40,40,0.7,80.7
00:24:10,,50,50,-0.97,39,8,0,81.8,74.4,,40,40,1,80.8
00:24:20,,50,50,-1.01,33,8,0,82.2,74.4,,40,40,6.1,80.7
00:24:30,,50,50,-1.01,38,8,0,82.6,74.4,,40,40,3.5,80.7
00:24:40,,50,50,-0.65,0,8,0,82.9,74.4,,40,40,8.4,80.7
00:24:50,StepFinished Stirrer 2 - Hold Frequency at 8rpm:StepStarted Stirrer 2 - Hold Frequency at 50rpm,50,50,-1.01,0,8,0,83,74.4,,40,40,2,80.7
00:25:00,,50,50,-0.63,50,50,0,82.7,74.4,,40,40,7.9,80.7
00:25:10,,50,50,-0.72,50,50,0,82.3,74.4,,40,40,4,80.7
00:25:20,,50,50,-1.07,50,50,0,82,74.4,,40,40,11.4,80.6
00:25:30,,50,50,-0.8,50,50,0,81.5,74.3,,40,40,5.6,80.6
00:25:40,,50,50,-0.75,50,50,0,81.2,74.3,,40,40,10.4,80.6
00:25:50,,50,50,-1.18,50,50,0,80.8,74.3,,40,40,4.5,80.6
00:26:00,,50,50,-0.71,50,50,0,80.5,74.3,,40,40,10.7,80.6
00:26:10,,50,50,-0.74,50,50,0,80.1,74.3,,40,40,1.7,80.6
00:26:20,,50,50,-1.25,50,50,0,79.9,74.3,,40,40,8.4,80.6
00:26:30,,50,50,-0.76,50,50,0,79.6,74.4,,40,40,1.7,80.6
00:26:40,,50,50,-0.91,50,50,0,79.4,74.4,,40,40,8.9,80.6
00:26:50,,50,50,-0.85,50,50,0,79.2,74.4,,40,40,0.5,80.6
00:27:00,,50,50,-0.56,50,50,0,79,74.3,,40,40,0.7,80.6
00:27:10,,50,50,-1.06,50,50,0,78.8,74.4,,40,40,7.6,80.6
00:27:20,,50,50,-0.95,50,50,0,78.6,74.4,,40,40,2.8,80.6
00:27:30,,50,50,-0.57,50,50,0,78.5,74.4,,40,40,2.5,80.5
00:27:40,,50,50,-1.04,50,50,0,78.4,74.4,,40,40,7.9,80.5
00:27:50,,50,50,-0.75,50,50,0,78.2,74.4,,40,40,0,80.5
00:28:00,,50,50,-0.79,50,50,0,78,74.4,,40,40,7.6,80.5
00:28:10,,50,50,-1.23,50,50,0,78,74.4,,40,40,-0.5,80.5
00:28:20,,50,50,-0.74,50,50,0,77.9,74.4,,40,40,5.6,80.5
00:28:30,,50,50,-0.89,50,50,0,77.8,74.4,,40,40,0,80.5
00:28:40,StepFinished Stirrer 2 - Hold Frequency at 50rpm:StepStarted Stirrer 2 - Hold Frequency at 100rpm,50,50,-0.72,89,100,0,77.7,74.3,,40,40,8.1,80.5
00:28:50,,50,50,-0.97,100,100,0,77.6,74.3,,40,40,1.2,80.5
00:29:00,,50,50,-1.08,100,100,0,77.6,74.3,,40,40,5.1,80.5
00:29:10,,50,50,-0.81,100,100,0,77.5,74.3,,40,40,0.7,80.5
00:29:20,,50,50,-0.57,100,100,0,77.5,74.3,,40,40,8.9,80.5
00:29:30,StepFinished Stirrer 2 - Hold Frequency at 100rpm:StepStarted Stirrer 2 - Hold Frequency at 50rpm,50,50,-1.23,100,100,0,77.4,74.3,,40,40,3,80.5
00:29:40,,50,50,-0.79,50,50,0,77.4,74.3,,40,40,5.6,80.4
00:29:50,,50,50,-1.11,50,50,0,77.4,74.3,,40,40,9.6,80.4
00:30:00,,50,50,-1.14,50,50,0,77.4,74.3,,40,40,12.2,80.4
00:30:10,,50,50,-0.77,50,50,0,77.3,74.3,,40,40,5.6,80.4
00:30:20,,50,50,-0.98,50,50,0,77.3,74.3,,40,40,5.6,80.4
00:30:30,,50,50,-1.21,50,50,0,77.3,74.3,,40,40,8.4,80.4
00:30:40,,50,50,-0.8,50,50,0,77.3,74.3,,40,40,8.6,80.4
00:30:50,,50,50,-1.19,50,50,0,77.3,74.3,,40,40,2,80.4
00:31:00,,50,50,-1.08,50,50,0,77.3,74.3,,40,40,9.6,80.4
00:31:10,,50,50,-0.71,50,50,0,77.4,74.3,,40,40,1,80.4
00:31:20,,50,50,-1.18,50,50,0,77.4,74.2,,40,40,8.6,80.4
00:31:30,,50,50,-0.91,50,50,0,77.5,74.2,,40,40,4,80.3
00:31:40,,50,50,-0.71,50,50,0,77.6,74.3,,40,40,3.3,80.3
00:31:50,,50,50,-1.32,50,50,0,77.6,74.3,,40,40,8.6,80.3
00:32:00,,50,50,-0.9,50,50,0,77.6,74.3,,40,40,7.1,80.3
00:32:10,,50,50,-1.01,50,50,0,77.7,74.3,,40,40,3.8,80.3
00:32:20,,50,50,-1.1,50,50,0,77.8,74.3,,40,40,3,80.3
00:32:30,,50,50,-0.83,50,50,0,77.9,74.3,,40,40,1,80.3
00:32:40,,50,50,-1.09,50,50,0,77.9,74.3,,40,40,6.3,80.2
00:32:50,,50,50,-1.16,50,50,0,78,74.3,,40,40,4.5,80.2
00:33:00,,50,50,-0.6,50,50,0,78.2,74.3,,40,40,2.5,80.2
00:33:10,,50,50,-0.94,50,50,0,78.3,74.3,,40,40,1.7,80.3
00:33:20,,50,50,-1.01,50,50,0,78.3,74.3,,40,40,6.1,80.2
00:33:30,,50,50,-0.82,50,50,0,78.4,74.3,,40,40,5.8,80.2
00:33:40,,50,50,-1.24,50,50,0,78.5,74.3,,40,40,2.5,80.2
00:33:50,,50,50,-0.73,50,50,0,78.6,74.3,,40,40,9.4,80.2
00:34:00,,50,50,-0.74,50,50,0,78.7,74.3,,40,40,1.7,80.2
00:34:10,,50,50,-1.38,50,50,0,78.8,74.2,,40,40,2.8,80.2
00:34:20,,50,50,-0.84,50,50,0,78.8,74.2,,40,40,8.6,80.2
00:34:30,,50,50,-1.02,50,50,0,78.9,74.1,,40,40,7.9,80.2
00:34:40,,50,50,-0.87,50,50,0,79,74.1,,40,40,7.6,80.2
00:34:50,,50,50,-0.79,50,50,0,79,74.1,,40,40,9.1,80.2
00:35:00,,50,50,-1.15,50,50,0,79.1,74.1,,40,40,2.5,80.1
00:35:10,,50,50,-0.96,50,50,0,79.2,74,,40,40,9.9,80.1
00:35:20,,50,50,-0.62,50,50,0,79.2,74.1,,40,40,1.5,80.2
00:35:30,,50,50,-1.05,50,50,0,79.3,74.1,,40,40,7.6,80.1
00:35:40,,50,50,-0.98,50,50,0,79.3,74.1,,40,40,1.2,80.1
00:35:50,,50,50,-0.8,50,50,0,79.3,74.1,,40,40,8.4,80.1
00:36:00,,50,50,-1.02,50,50,0,79.3,74.1,,40,40,3,80.2
00:36:10,,50,50,-0.69,50,50,0,79.4,74.1,,40,40,7.9,80.1
00:36:20,,50,50,-1.09,50,50,0,79.4,74.1,,40,40,0.5,80.1
00:36:30,,50,50,-1.2,50,50,0,79.4,74.1,,40,40,8.1,80.1
00:36:40,,50,50,-0.78,50,50,0,79.4,74.1,,40,40,1,80.1
00:36:50,,50,50,-1.19,50,50,0,79.4,74.1,,40,40,7.6,80.1
00:37:00,,50,50,-0.8,50,50,0,79.4,74.1,,40,40,0,80.1
00:37:10,,50,50,-0.65,50,50,0,79.5,74.1,,40,40,7.9,80.1
00:37:20,,50,50,-1.21,50,50,0,79.4,74.2,,40,40,1.5,80.1
00:37:30,,50,50,-0.82,50,50,0,79.5,74.2,,40,40,1.7,80
00:37:40,,50,50,-0.75,50,50,0,79.5,74.2,,40,40,0.5,80
00:37:50,,50,50,-1.01,50,50,0,79.5,74.2,,40,40,8.1,80
00:38:00,,50,50,-0.87,50,50,0,79.5,74.2,,40,40,2,80
00:38:10,,50,50,-0.96,50,50,0,79.5,74.3,,40,40,9.1,80
00:38:20,,50,50,-0.93,50,50,0,79.5,74.4,,40,40,1.5,80.1
00:38:30,,50,50,-0.55,50,50,0,79.6,74.5,,40,40,8.1,80
00:38:40,,50,50,-0.87,50,50,0,79.7,74.6,,40,40,5.6,80
00:38:50,,50,50,-0.99,50,50,0,79.7,74.6,,40,40,10.9,80
00:39:00,,50,50,-0.6,50,50,0,79.7,74.7,,40,40,5.1,80
00:39:10,StepFinished Stirrer 1 - Hold Frequency at 50rpm:StepStarted Stirrer 1 - Hold Frequency at 8rpm,50,50,-1.02,50,50,0,79.7,74.7,,40,40,9.4,80
00:39:20,,0,8,-0.94,50,50,0,79.8,74.7,StepFinished Stirrer 3 - Hold Frequency at 40rpm:StepStarted Stirrer 3 - Hold Frequency at 4rpm,10,4,-2.2,80
00:39:30,,0,8,-0.94,50,50,0,79.8,74.8,,10,4,2.2,80
00:39:40,,0,8,-0.94,50,50,0,79.8,74.9,,10,4,8.6,80
00:39:50,,0,8,-0.94,50,50,0,79.9,74.9,,10,4,-1,80
00:40:00,,0,8,-0.94,50,50,0,79.9,75,,10,4,-3,80
00:40:10,,0,8,-0.94,50,50,0,80,75,,10,4,7.9,80
00:40:20,,0,8,-0.94,50,50,0,80,75,,10,4,4.3,80
00:40:30,,0,8,-0.94,50,50,0,80.1,75.1,,10,4,-3,80
00:40:40,,0,8,-0.94,50,50,0,80.2,75.1,,10,4,-0.2,80
00:40:50,,0,8,-0.94,50,50,0,80.3,75.1,,10,4,6.1,80
00:41:00,,0,8,-0.94,50,50,0,80.3,75.1,,10,4,2.5,80
00:41:10,,0,8,-0.94,50,50,0,80.4,75.1,,10,4,-3.3,80
00:41:20,,0,8,-0.94,50,50,0,80.4,75.2,,10,4,4.3,79.9
00:41:30,,0,8,-0.94,50,50,0,80.5,75.2,,10,4,3,79.9
00:41:40,,0,8,-0.94,50,50,0,80.5,75.2,,10,4,-2.8,79.9
00:41:50,,0,8,-0.94,50,50,0,80.6,75.2,,10,4,-3,79.9
00:42:00,,0,8,-0.94,50,50,0,80.7,75.1,,10,4,8.1,79.9
00:42:10,,0,8,-0.94,50,50,0,80.7,75.2,,10,4,0.7,80
00:42:20,,0,8,-0.94,50,50,0,80.8,75.2,,10,4,-2.2,80
00:42:30,,0,8,-0.94,50,50,0,80.8,75.2,,10,4,8.1,80
00:42:40,,0,8,-0.94,50,50,0,80.8,75.2,,10,4,2.8,80
00:42:50,,0,8,-0.94,50,50,0,80.9,75.2,,10,4,-1.5,80
00:43:00,,0,8,-0.94,50,50,0,81,75.2,,10,4,-2.2,80
00:43:10,,0,8,-0.94,50,50,0,81,75.2,,10,4,5.8,80
00:43:20,,0,8,-0.94,50,50,0,81.1,75.2,,10,4,3.5,80
00:43:30,,0,8,-0.94,50,50,0,81.1,75.2,,10,4,-3.3,80
00:43:40,,0,8,-0.94,50,50,0,81.1,75.2,,10,4,1,80
00:43:50,,0,8,-0.94,50,50,0,81.2,75.2,,10,4,4.8,80
00:44:00,,0,8,-0.94,50,50,0,81.2,75.1,,10,4,-2.2,80
00:44:10,,0,8,-0.94,50,50,0,81.3,75.1,,10,4,-3,80
00:44:20,,0,8,-0.94,50,50,0,81.4,75.1,,10,4,9.9,80
00:44:30,,0,8,-0.94,50,50,0,81.4,75.1,,10,4,0.7,80
00:44:40,,0,8,-0.94,50,50,0,81.5,75.1,,10,4,-2,80
00:44:50,,0,8,-0.94,50,50,0,81.6,75.1,,10,4,-2.8,80
00:45:00,,0,8,-0.94,50,50,0,81.7,75.1,,10,4,5.3,80
00:45:10,,0,8,-0.94,50,50,0,81.7,75.1,,10,4,1.2,80
00:45:20,,0,8,-0.94,50,50,0,81.8,75.1,,10,4,-3.3,80
00:45:30,,0,8,-0.94,50,50,0,81.9,75.2,,10,4,3.3,80
00:45:40,,0,8,-0.94,50,50,0,82,75.2,,10,4,1.2,80
00:45:50,,0,8,-0.94,50,50,0,82,75.2,,10,4,-3.3,80
00:46:00,,0,8,-0.94,50,50,0,82.1,75.1,,10,4,-2.8,80
00:46:10,,0,8,-0.94,50,50,0,82.1,75.1,,10,4,6.1,80
00:46:20,,0,8,-0.94,50,50,0,82.1,75.1,,10,4,-1.7,80
00:46:30,,0,8,-0.94,50,50,0,82.2,75.1,,10,4,-3,80
00:46:40,,0,8,-0.94,50,50,0,82.3,75.1,,10,4,7.1,80
00:46:50,,0,8,-0.94,50,50,0,82.3,75.1,,10,4,1.2,80
00:47:00,,0,8,-0.94,50,50,0,82.3,75.1,,10,4,-3,80
00:47:10,,0,8,-0.94,50,50,0,82.3,75.1,,10,4,-1.5,80
00:47:20,,0,8,-0.94,50,50,0,82.4,75.1,,10,4,4.5,79.9
00:47:30,,0,8,-0.94,50,50,0,82.4,75.1,,10,4,0.2,79.9
00:47:40,,0,8,-0.94,50,50,0,82.4,75.1,,10,4,-3.3,79.9
00:47:50,,0,8,-0.94,50,50,0,82.4,75.1,,10,4,5.1,80
00:48:00,,0,8,-0.94,50,50,0,82.5,75.1,,10,4,1.7,79.9
00:48:10,,0,8,-0.94,50,50,0,82.6,75,,10,4,-1.2,79.9
00:48:20,,0,8,-0.94,50,50,0,82.7,75.1,,10,4,-2.8,79.9
00:48:30,,0,8,-0.94,50,50,0,82.8,75.1,,10,4,7.9,79.9
00:48:40,,0,8,-0.94,50,50,0,82.9,75.1,,10,4,2,79.9
00:48:50,,0,8,-0.94,50,50,0,82.9,75.1,,10,4,-3,79.9
00:49:00,,0,8,-0.94,50,50,0,82.9,75.1,,10,4,0.7,80
00:49:10,,0,8,-0.94,50,50,0,83,75.1,,10,4,3,80
00:49:20,,0,8,-0.94,50,50,0,83,75.1,,10,4,-1.7,80
00:49:30,,0,8,-0.94,50,50,0,83,75.1,,10,4,-3.3,80
00:49:40,,0,8,-0.94,50,50,0,83.1,75.1,,10,4,7.1,80
00:49:50,,0,8,-0.94,50,50,0,83.2,75.1,,10,4,2.5,80
00:50:00,,0,8,-0.94,50,50,0,83.2,75.1,,10,4,-3.5,80
00:50:10,,0,8,-0.94,50,50,0,83.2,75,,10,4,-0.5,80
00:50:20,,0,8,-0.94,50,50,0,83.3,75,,10,4,5.6,80
00:50:30,,0,8,-0.94,50,50,0,83.3,75,,10,4,-3,80
00:50:40,,0,8,-0.94,50,50,0,83.3,75,,10,4,-3.3,80
00:50:50,,0,8,-0.94,50,50,0,83.4,75,,10,4,5.3,79.9
00:51:00,,0,8,-0.94,50,50,0,83.5,75,,10,4,1.7,80
00:51:10,,0,8,-0.94,50,50,0,83.6,75,,10,4,-3,79.9
00:51:20,,0,8,-0.94,50,50,0,83.7,75,,10,4,-1.7,79.9
00:51:30,,0,8,-0.94,50,50,0,83.7,75,,10,4,3.8,79.9
00:51:40,,0,8,-0.94,50,50,0,83.7,74.9,,10,4,0.5,79.9
00:51:50,,0,8,-0.94,50,50,0,83.8,75,,10,4,-3.3,79.9
00:52:00,,0,8,-0.94,50,50,0,83.9,75,,10,4,3.3,79.9
00:52:10,,0,8,-0.94,50,50,0,83.9,74.9,,10,4,1.7,79.9
00:52:20,,0,8,-0.94,50,50,0,83.9,74.9,,10,4,-3.3,79.9
00:52:30,,0,8,-0.94,50,50,0,83.9,75,,10,4,-3.3,79.9
00:52:40,,0,8,-0.94,50,50,0,83.9,74.9,,10,4,6.6,79.9
00:52:50,,0,8,-0.94,50,50,0,83.9,75,,10,4,0.7,79.9
00:53:00,,0,8,-0.94,50,50,0,84,75,,10,4,-2.8,79.9
00:53:10,,0,8,-0.94,50,50,0,84,75,,10,4,2.5,79.9
00:53:20,,0,8,-0.94,50,50,0,84.1,75,,10,4,3.3,79.9
00:53:30,,0,8,-0.94,50,50,0,84.1,75,,10,4,-2.8,79.8
00:53:40,,0,8,-0.94,50,50,0,84.2,74.9,,10,4,-3.5,79.8
00:53:50,,0,8,-0.94,50,50,0,83.9,74.9,,10,4,5.1,79.8
00:54:00,,0,8,-0.94,50,50,0,83.3,75,,10,4,1,79.8
00:54:10,,0,8,-0.94,50,50,0,82.7,75,,10,4,-3.5,79.8
00:54:20,,0,8,-0.94,50,50,0,82.4,74.9,,10,4,2.5,79.8
00:54:30,,0,8,-0.94,50,50,0,82.3,75,,10,4,2.8,79.8
00:54:40,,0,8,-0.94,50,50,0,82.2,75,,10,4,-2.2,79.8
00:54:50,,0,8,-0.94,50,50,0,82.2,75,,10,4,-3.3,79.8
00:55:00,,0,8,-0.94,50,50,0,82.1,75,,10,4,6.6,79.7
00:55:10,,0,8,-0.94,50,50,0,82,75,,10,4,2,79.7
00:55:20,,0,8,-0.94,50,50,0,81.9,75,,10,4,-2.8,79.8
00:55:30,,0,8,-0.94,50,50,0,81.6,75,,10,4,-0.5,79.8
00:55:40,,0,8,-0.94,50,50,0,81.1,75,,10,4,5.8,79.7
00:55:50,,0,8,-0.94,50,50,0,80.7,75,,10,4,-0.7,79.7
00:56:00,,0,8,-0.94,50,50,0,80.6,75,,10,4,-3.3,79.8
00:56:10,,0,8,-0.94,50,50,0,80.5,75,,10,4,5.3,79.7
00:56:20,,0,8,-0.94,50,50,0,80.4,75,,10,4,1.2,79.7
00:56:30,,0,8,-0.94,50,50,0,80.3,75.1,,10,4,-3,79.7
00:56:40,,0,8,-0.94,50,50,0,80.3,75.1,,10,4,-3,79.7
00:56:50,,0,8,-0.94,50,50,0,80.4,75.1,,10,4,3.8,79.8
00:57:00,,0,8,-0.94,50,50,0,80.4,75.1,,10,4,3.3,79.7
00:57:10,,0,8,-0.94,50,50,0,80.6,75,,10,4,-3.3,79.8
00:57:20,,0,8,-0.94,50,50,0,81,75,,10,4,2.8,79.8
00:57:30,,0,8,-0.94,50,50,0,81.6,75.1,,10,4,1.7,79.8
00:57:40,,0,8,-0.94,50,50,0,81.9,75.1,,10,4,-3,79.8
00:57:50,,0,8,-0.94,50,50,0,82.3,75.1,,10,4,-1.2,79.8
00:58:00,,0,8,-0.94,50,50,0,82.7,75.1,,10,4,6.1,79.8
00:58:10,,0,8,-0.94,50,50,0,83,75.1,,10,4,-1,79.8
00:58:20,,0,8,-0.94,50,50,0,83.2,75.1,,10,4,-3.3,79.7
00:58:30,,0,8,-0.94,50,50,0,83.3,75.1,,10,4,-3,79.7
00:58:40,,0,8,-0.94,50,50,0,83.4,75.2,,10,4,1.2,79.8
00:58:50,,0,8,-0.94,50,50,0,83.5,75.2,,10,4,0,79.8
00:59:00,,0,8,-0.94,50,50,0,83.6,75.2,,10,4,-3.3,79.8
00:59:10,,0,8,-0.94,50,50,0,83.6,75.2,,10,4,4.8,79.8
00:59:20,,0,8,-0.94,50,50,0,83.6,75.1,,10,4,1.5,79.8
00:59:30,,0,8,-0.94,50,50,0,83.6,75.1,,10,4,-3.3,79.8
00:59:40,StepFinished Stirrer 2 - Hold Frequency at 50rpm:StepStarted Stirrer 2 - Hold Frequency at 200rpm,0,8,-0.94,50,50,0,83.6,75.1,,10,4,-2.8,79.8
00:59:50,,0,8,-0.94,194,200,0,83.6,75.1,,10,4,4.3,79.8
01:00:00,,0,8,-0.94,200,200,0,83.6,75.1,,10,4,-2.2,79.8
01:00:10,StepFinished Stirrer 2 - Hold Frequency at 200rpm:StepStarted Stirrer 2 - Hold Frequency at 100rpm,0,8,-0.94,103,100,0,83.9,75.2,,10,4,-3.3,79.8
01:00:20,,0,8,-0.94,100,100,0,84.3,75.1,,10,4,4.8,79.8
01:00:30,,0,8,-0.94,100,100,0,84.5,75.1,,10,4,0.2,79.8
01:00:40,StepFinished Stirrer 2 - Hold Frequency at 100rpm:StepStarted Stirrer 2 - Hold Frequency at 50rpm,0,8,-0.94,81,50,0,84.5,75.1,,10,4,-3.3,79.8
01:00:50,,0,8,-0.94,50,50,0,84.5,75.1,,10,4,-1.7,79.8
01:01:00,,0,8,-0.94,50,50,0,84.4,75.1,,10,4,5.8,79.8
01:01:10,,0,8,-0.94,50,50,0,84.4,75.1,,10,4,-2,79.8
01:01:20,,0,8,-0.94,50,50,0,84.4,75.1,,10,4,-3.3,79.8
01:01:30,,0,8,-0.94,50,50,0,84.4,75.1,,10,4,6.6,79.7
01:01:40,,0,8,-0.94,50,50,0,84.4,75.2,,10,4,3.3,79.8
01:01:50,,0,8,-0.94,50,50,0,84.4,75.1,,10,4,-3.3,79.8
01:02:00,,0,8,-0.94,50,50,0,84.3,75.2,,10,4,-3.5,79.8
01:02:10,,0,8,-0.94,50,50,0,84.3,75.2,,10,4,4,79.8
01:02:20,,0,8,-0.94,50,50,0,84.2,75.2,,10,4,0.2,79.8
01:02:30,,0,8,-0.94,50,50,0,84.1,75.2,,10,4,-3.3,79.8
01:02:40,,0,8,-0.94,50,50,0,84.1,75.2,,10,4,1,79.8
01:02:50,,0,8,-0.94,50,50,0,84.1,75.1,,10,4,1.5,79.8
01:03:00,,0,8,-0.94,50,50,0,84.1,75.1,,10,4,-3.3,79.7
01:03:10,,0,8,-0.94,50,50,0,84.1,75.1,,10,4,-3.3,79.8
01:03:20,,0,8,-0.94,50,50,0,84.2,75.2,,10,4,8.6,79.7
01:03:30,,0,8,-0.94,50,50,0,84.3,75.2,,10,4,2.8,79.7
01:03:40,,0,8,-0.94,50,50,0,84.4,75.1,,10,4,-3.5,79.7
01:03:50,,0,8,-0.94,50,50,0,84.5,75.1,,10,4,0.5,79.7
01:04:00,,0,8,-0.94,50,50,0,84.7,75.1,,10,4,3.3,79.7
01:04:10,,0,8,-0.94,50,50,0,84.8,75.1,,10,4,-3,79.7
01:04:20,,0,8,-0.94,50,50,0,84.8,75.1,,10,4,-3.3,79.7
01:04:30,,0,8,-0.94,50,50,0,84.8,75.1,,10,4,5.3,79.7
01:04:40,,8,8,-0.94,50,50,0,84.8,75.1,,10,4,1.2,79.7
01:04:50,,0,8,-0.94,50,50,0,84.8,74.9,,10,4,-3.3,79.7
01:05:00,,0,8,-0.94,50,50,0,85,73.7,,10,4,-1.7,79.7
01:05:10,,11,8,-0.94,50,50,0,85.1,71.2,,10,4,3.8,79.7
01:05:20,,0,8,-0.94,50,50,0,85.3,68.8,,10,4,-2.2,79.7
01:05:30,StepFinished Stirrer 1 - Hold Frequency at 8rpm:StepStarted Stirrer 1 - Hold Frequency at 58rpm:StepFinished Stirrer 1 - Hold Frequency at 58rpm:StepStarted Stirrer 1 - Hold Frequency at 50rpm,5,58,-0.94,50,50,0,85.4,67.4,,10,4,-3.3,79.7
01:05:40,,50,50,-1.75,50,50,0,85.5,66.7,,10,4,4.3,79.7
01:05:50,,50,50,-1.14,50,50,0,85.6,66.5,,10,4,3,79.7
01:06:00,,50,50,-1.34,50,50,0,85.8,66.3,,10,4,-3.3,79.7
01:06:10,,50,50,-1.52,50,50,0,85.9,66.2,,10,4,-3,79.8
01:06:20,,50,50,-1,50,50,0,86,66.2,,10,4,6.1,79.8
01:06:30,,50,50,-1.48,50,50,0,86,66.2,,10,4,-0.2,79.9
01:06:40,,50,50,-1.56,50,50,0,86.1,66.2,,10,4,-3.3,79.9
01:06:50,,50,50,-1.22,50,50,0,86.2,66.4,,10,4,1.7,79.9
01:07:00,,50,50,-1.6,50,50,0,86.3,66.5,,10,4,1.5,80
01:07:10,,50,50,-1.14,50,50,0,86.4,66.6,,10,4,-3.3,80
01:07:20,,50,50,-1.39,50,50,0,86.4,66.5,,10,4,-3,80.1
01:07:30,,50,50,-1.69,50,50,0,86.5,66.2,,10,4,6.8,80.1
01:07:40,,50,50,-1.02,50,50,0,86.6,65.7,,10,4,2,80.2
01:07:50,,50,50,-1.57,50,50,0,86.6,65.4,,10,4,-2.8,80.2
01:08:00,,50,50,-1.43,50,50,0,86.7,65.2,,10,4,4.3,80.2
01:08:10,,50,50,-1.19,50,50,0,86.7,64.9,,10,4,3.5,80.3
01:08:20,,50,50,-1.49,50,50,0,86.7,64.5,,10,4,-1.7,80.3
01:08:30,,50,50,-1.3,50,50,0,86.7,63.6,,10,4,-3.3,80.4
01:08:40,,50,50,-1.35,50,50,0,86.8,62.7,,10,4,5.1,80.4
01:08:50,,50,50,-1.62,50,50,0,86.8,61.8,,10,4,0,80.5
01:09:00,,50,50,-1.21,50,50,0,86.9,60.8,,10,4,-3.3,80.5
01:09:10,,50,50,-1.38,50,50,0,86.8,59.9,,10,4,-3,80.5
01:09:20,,50,50,-1.3,50,50,0,86.7,58.9,,10,4,1.2,80.5
01:09:30,,50,50,-1.09,50,50,0,86.7,58.2,,10,4,0,80.6
01:09:40,,50,50,-1.5,50,50,0,86.8,57.5,,10,4,-3.3,80.6
01:09:50,,50,50,-1.47,50,50,0,86.8,57,,10,4,7.6,80.6
01:10:00,,50,50,-1.21,50,50,0,86.8,56.5,,10,4,3,80.7
01:10:10,,50,50,-1.52,50,50,0,86.8,56.2,,10,4,-3.3,80.7
01:10:20,,50,50,-1.09,50,50,0,86.6,55.9,,10,4,1.5,80.7
01:10:30,,50,50,-1.42,50,50,0,86.5,55.7,,10,4,3.5,80.8
01:10:40,,50,50,-1.47,50,50,0,86.5,55.5,,10,4,-2,80.8
01:10:50,,50,50,-1.07,50,50,0,86.4,55.4,,10,4,-3.3,80.8
01:11:00,,50,50,-1.48,50,50,0,86.5,55.3,,10,4,1.7,80.8
01:11:10,,50,50,-1.45,50,50,0,86.5,55.3,,10,4,0,80.8
01:11:20,,50,50,-1.19,50,50,0,86.4,55.2,,10,4,-3.3,80.9
01:11:30,,50,50,-1.59,50,50,0,86.2,55.2,,10,4,-0.7,80.9
01:11:40,,50,50,-1.13,50,50,0,86.3,55.3,,10,4,6.3,80.9
01:11:50,,50,50,-1.34,50,50,0,86.2,55.3,,10,4,1,80.9
01:12:00,,50,50,-1.68,50,50,0,86.2,55.3,,10,4,-3,80.9
01:12:10,,50,50,-1.13,50,50,0,86.3,55.3,,10,4,5.6,80.9
01:12:20,,50,50,-1.32,50,50,0,86.3,55.4,,10,4,3.8,80.9
01:12:30,,50,50,-1.36,50,50,0,86.1,55.4,,10,4,-3,80.9
01:12:40,,50,50,-1.08,50,50,0,86,55.3,,10,4,-3.3,81
01:12:50,,50,50,-1.59,50,50,0,85.9,55.4,,10,4,3.3,81
01:13:00,,50,50,-1.32,50,50,0,85.9,55.4,,10,4,0,81
01:13:10,,50,50,-1.23,50,50,0,86,55.5,,10,4,-3.3,80.9
01:13:20,,50,50,-1.66,50,50,0,85.9,55.5,,10,4,3,80.9
01:13:30,,50,50,-1.14,50,50,0,85.9,55.6,,10,4,1.5,81
01:13:40,,50,50,-1.35,50,50,0,86,55.6,,10,4,-2,81
01:13:50,,50,50,-1.42,50,50,0,86.1,55.7,,10,4,-2.8,81
01:14:00,,50,50,-1.15,50,50,0,86.2,55.7,,10,4,8.1,81
01:14:10,,50,50,-1.47,50,50,0,86.1,55.7,,10,4,1.7,81
01:14:20,,50,50,-1.3,50,50,0,86.1,55.8,,10,4,-3,81
01:14:30,,50,50,-1.08,50,50,0,86,55.8,,10,4,0,81
01:14:40,,50,50,-1.56,50,50,0,86,55.9,,10,4,3.8,81
01:14:50,,50,50,-1.11,50,50,0,86.1,56.1,,10,4,-2.5,81
01:15:00,,50,50,-1.17,50,50,0,86.1,56.2,,10,4,-3.3,81
01:15:10,,50,50,-1.57,50,50,0,86.1,56.3,,10,4,5.8,81
01:15:20,,50,50,-1.13,50,50,0,86.1,56.4,,10,4,1.5,81
01:15:30,,50,50,-1.36,50,50,0,86.1,56.6,,10,4,-3.5,81
01:15:40,,50,50,-1.35,50,50,0,86,56.7,,10,4,-3.5,81
01:15:50,,50,50,-1.17,50,50,0,86,56.9,,10,4,3.3,81
01:16:00,,50,50,-1.5,50,50,0,85.7,57.1,,10,4,1.7,81
01:16:10,,50,50,-1.25,50,50,0,85.6,57.4,,10,4,-2.5,81
01:16:20,,50,50,-1.34,50,50,0,85.7,57.7,,10,4,7.6,81
01:16:30,,50,50,-1.61,50,50,0,85.8,58,,10,4,1.7,81
01:16:40,,50,50,-1.22,50,50,0,85.9,58.3,,10,4,-2.8,81
01:16:50,,50,50,-1.41,50,50,0,85.7,58.5,,10,4,-2,81
01:17:00,,50,50,-1.37,50,50,0,85.7,58.6,,10,4,5.6,81.1
01:17:10,,50,50,-1.03,50,50,0,85.7,58.6,,10,4,-1.2,81.1
01:17:20,,50,50,-1.25,50,50,0,85.8,58.6,,10,4,-3.3,81.1
01:17:30,,50,50,-1.31,50,50,0,85.7,58.6,,10,4,2.2,81.1
01:17:40,,50,50,-1.02,50,50,0,85.7,58.6,,10,4,1.7,81.1
01:17:50,,50,50,-1.61,50,50,0,85.6,58.6,,10,4,-2.2,81.1
01:18:00,,50,50,-1.1,50,50,0,85.5,58.6,,10,4,-3.3,81.1
01:18:10,,50,50,-1.21,50,50,0,85.5,59,,10,4,8.6,81.2
01:18:20,,50,50,-1.52,50,50,0,85.5,59.3,,10,4,3.8,81.2
01:18:30,,50,50,-0.91,50,50,0,85.4,59.5,,10,4,-3,81.2
01:18:40,,50,50,-1.48,50,50,0,85.4,59.9,,10,4,1.7,81.2
01:18:50,,50,50,-1.21,50,50,0,85.3,60.4,,10,4,5.1,81.2
01:19:00,,50,50,-1.01,50,50,0,85.3,60.6,,10,4,-2.2,81.2
01:19:10,,50,50,-1.47,50,50,0,85.3,60.7,,10,4,-3,81.2
01:19:20,,50,50,-1.12,50,50,0,85.3,60.7,,10,4,4.5,81.2
01:19:30,,50,50,-1.26,50,50,0,85.2,60.8,,10,4,2.2,81.2
01:19:40,,50,50,-1.53,50,50,0,85.2,60.9,,10,4,-3.3,81.2
01:19:50,,50,50,-1.17,50,50,0,85.1,61,,10,4,-2,81.2
01:20:00,,50,50,-1.32,50,50,0,85.1,61.1,,10,4,6.6,81.2
01:20:10,,50,50,-1.38,50,50,0,85,61.1,,10,4,0.2,81.2
01:20:20,,50,50,-0.99,50,50,0,85,61.2,,10,4,-3,81.2
01:20:30,,50,50,-1.26,50,50,0,84.9,61.2,,10,4,6.8,81.2
01:20:40,,50,50,-1.24,50,50,0,84.9,61.3,,10,4,5.1,81.2
01:20:50,,50,50,-1.21,50,50,0,84.9,61.5,,10,4,-2.8,81.2
01:21:00,,50,50,-1.46,50,50,0,84.8,61.9,,10,4,-0.5,81.2
01:21:10,,50,50,-1.08,50,50,0,84.8,62,,10,4,4.3,81.2
01:21:20,,50,50,-1.26,50,50,0,84.8,62.3,,10,4,-1.5,81.2
01:21:30,,50,50,-1.49,50,50,0,84.8,62.9,,10,4,-3,81.2
01:21:40,,50,50,-0.92,50,50,0,84.6,63.7,,10,4,6.1,81.2
01:21:50,,50,50,-1.45,50,50,0,84.6,64.5,,10,4,1.2,81.2
01:22:00,,50,50,-1.2,50,50,0,84.7,65.1,,10,4,-1.7,81.2
01:22:10,,50,50,-0.96,50,50,0,84.7,65.8,,10,4,-2,81.2
01:22:20,,50,50,-1.53,50,50,0,84.7,66.3,,10,4,7.9,81.2
01:22:30,,50,50,-1.02,50,50,0,84.7,66.8,,10,4,1,81.2
01:22:40,,50,50,-1.17,50,50,0,84.7,67.2,,10,4,-2.5,81.3
01:22:50,,50,50,-1.45,50,50,0,84.8,67.6,,10,4,1,81.3
01:23:00,,50,50,-1.06,50,50,0,84.9,67.9,,10,4,8.1,81.3
01:23:10,,50,50,-1.22,50,50,0,84.8,68.2,,10,4,-0.5,81.3
01:23:20,,50,50,-1.32,50,50,0,84.8,68.7,,10,4,-3,81.3
01:23:30,,50,50,-1.06,50,50,0,84.9,69.1,,10,4,5.8,81.3
01:23:40,,50,50,-1.38,50,50,0,84.8,69.4,,10,4,2.2,81.3
01:23:50,,50,50,-1.2,50,50,0,84.7,69.6,,10,4,-2.8,81.3
01:24:00,,50,50,-1,50,50,0,84.8,69.9,,10,4,3.5,81.3
01:24:10,,50,50,-1.57,50,50,0,84.9,70.1,,10,4,3,81.3
01:24:20,,50,50,-1.15,50,50,0,84.9,70.4,,10,4,-0.7,81.3
01:24:30,,50,50,-1.28,50,50,0,84.9,70.7,,10,4,-2.2,81.3
01:24:40,,50,50,-1.29,50,50,0,84.9,71,,10,4,10.9,81.3
01:24:50,,50,50,-1.01,50,50,0,85,71.3,,10,4,3.3,81.3
01:25:00,,50,50,-1.4,50,50,0,85,71.4,,10,4,-2.5,81.3
01:25:10,,50,50,-1.23,50,50,0,85.1,71.6,,10,4,4,81.4
01:25:20,,50,50,-1.28,50,50,0,85.1,71.7,,10,4,6.8,81.4
01:25:30,,50,50,-1.53,50,50,0,85.1,71.9,,10,4,1,81.4
01:25:40,,50,50,-1.08,50,50,0,85.2,72.1,,10,4,-2,81.4
01:25:50,,50,50,-1.19,50,50,0,85.1,72.2,,10,4,4.5,81.4
01:26:00,,50,50,-1.52,50,50,0,85.2,72.4,,10,4,1.7,81.4
01:26:10,,50,50,-0.89,50,50,0,85.2,72.6,,10,4,-0.2,81.4
01:26:20,,50,50,-1.38,50,50,0,85.2,72.9,,10,4,0,81.3
01:26:30,,50,50,-1.47,50,50,0,85.2,73.1,,10,4,7.9,81.4
01:26:40,,50,50,-0.95,50,50,0,85.2,73.3,,10,4,3.8,81.3
01:26:50,,50,50,-1.4,50,50,0,85.2,73.5,,10,4,-2.8,81.3
01:27:00,,50,50,-0.97,50,50,0,85.1,73.7,,10,4,5.1,81.3
01:27:10,,50,50,-1.22,50,50,0,85.1,74,,10,4,5.1,81.3
01:27:20,,50,50,-1.55,50,50,0,85.2,74.3,,10,4,-3,81.3
01:27:30,,50,50,-1.03,50,50,0,85.1,74.6,,10,4,-1.7,81.3
01:27:40,,50,50,-1.24,50,50,0,85.2,74.8,,10,4,6.3,81.3
01:27:50,,50,50,-1.21,50,50,0,85.2,75,,10,4,1.7,81.2
01:28:00,,50,50,-0.95,50,50,0,85.3,75.2,,10,4,-3.3,81.2
01:28:10,,50,50,-1.49,50,50,0,85.3,75.5,,10,4,-0.2,81.3
01:28:20,,50,50,-1.26,50,50,0,85.3,75.7,,10,4,5.1,81.3
01:28:30,,50,50,-1.1,50,50,0,85.3,75.8,,10,4,-1.7,81.3
01:28:40,,50,50,-1.51,50,50,0,85.3,75.9,,10,4,-3,81.3
01:28:50,,50,50,-1.12,50,50,0,85.3,76,,10,4,9.1,81.3
01:29:00,,50,50,-1.23,50,50,0,85.3,76.2,,10,4,3.5,81.3
01:29:10,,50,50,-1.27,50,50,0,85.3,76.2,,10,4,-3.3,81.3
01:29:20,,50,50,-0.9,50,50,0,85.2,76.1,,10,4,0.2,81.3
01:29:30,,50,50,-1.51,50,50,0,85.2,76.1,,10,4,5.3,81.3
01:29:40,,50,50,-1.33,50,50,0,85.3,76.1,,10,4,-1.2,81.3
01:29:50,,50,50,-1.01,50,50,0,85.3,76.3,,10,4,-2.8,81.3
01:30:00,,50,50,-1.37,50,50,0,85.3,76.4,,10,4,2,81.3
01:30:10,,50,50,-0.96,50,50,0,85.3,76.6,,10,4,1.7,81.3
01:30:20,,50,50,-1.11,50,50,0,85.2,76.8,,10,4,-3,81.3
01:30:30,,50,50,-1.46,50,50,0,85.3,76.9,,10,4,-2.5,81.3
01:30:40,,50,50,-1.04,50,50,0,85.3,76.9,,10,4,9.4,81.3
01:30:50,,50,50,-1.27,50,50,0,85.2,77,,10,4,0.7,81.3
01:31:00,,50,50,-1.18,50,50,0,85.1,77,,10,4,-3.3,81.3
01:31:10,,50,50,-0.97,50,50,0,85.1,77.1,,10,4,7.3,81.3
01:31:20,,50,50,-1.38,50,50,0,85.1,77.1,,10,4,3,81.3
01:31:30,,50,50,-1.23,50,50,0,85.2,77.1,,10,4,-2.8,81.4
01:31:40,,50,50,-1.02,50,50,0,85.2,77.2,,10,4,-1.2,81.4
01:31:50,,50,50,-1.45,50,50,0,85.2,77.3,,10,4,5.1,81.4
01:32:00,,50,50,-1.05,50,50,0,85.2,77.4,,10,4,3.5,81.4
01:32:10,,50,50,-1.16,50,50,0,85.2,77.5,,10,4,-3.3,81.3
01:32:20,,50,50,-1.33,50,50,0,85.2,77.6,,10,4,-0.2,81.4
01:32:30,,50,50,-0.93,50,50,0,85.2,77.6,,10,4,1.5,81.4
01:32:40,,50,50,-1.31,50,50,0,85.2,77.7,,10,4,-2.5,81.4
01:32:50,,50,50,-1.13,50,50,0,85.3,77.9,,10,4,-3.3,81.3
01:33:00,,50,50,-0.92,50,50,0,85.5,78,,10,4,8.4,81.3
01:33:10,,50,50,-1.39,50,50,0,85.6,78.1,,10,4,1.7,81.3
01:33:20,,50,50,-0.99,50,50,0,85.6,78.2,,10,4,-3,81.3
01:33:30,,50,50,-1.23,50,50,0,85.6,78.3,,10,4,-2,81.4
01:33:40,,50,50,-1.36,50,50,0,85.6,78.5,,10,4,4.5,81.3
01:33:50,,50,50,-0.92,50,50,0,85.7,78.5,,10,4,-0.5,81.3
01:34:00,,50,50,-1.21,50,50,0,85.7,78.6,,10,4,-3.3,81.4
01:34:10,,50,50,-1.21,50,50,0,85.7,78.6,,10,4,3,81.4
01:34:20,,50,50,-1.09,50,50,0,85.7,78.6,,10,4,2.2,81.4
01:34:30,,50,50,-1.4,50,50,0,85.7,78.6,,10,4,-3.3,81.4
01:34:40,,50,50,-1.19,50,50,0,85.6,78.6,,10,4,-2.5,81.4
01:34:50,,50,50,-0.98,50,50,0,85.5,78.7,,10,4,4.8,81.4
01:35:00,,50,50,-1.45,50,50,0,85.5,78.8,,10,4,-1,81.4
01:35:10,,50,50,-1.04,50,50,0,85.6,78.9,,10,4,-2.2,81.4
01:35:20,,50,50,-1.07,50,50,0,85.6,78.9,,10,4,3.8,81.4
01:35:30,,50,50,-1.19,50,50,0,85.6,79,,10,4,2.5,81.4
01:35:40,,50,50,-0.89,50,50,0,85.7,79,,10,4,-2.2,81.4
01:35:50,,50,50,-1.38,50,50,0,85.7,79,,10,4,-1,81.4
01:36:00,,50,50,-1.14,50,50,0,85.7,79,,10,4,4,81.4
01:36:10,,50,50,-0.97,50,50,0,85.8,79.1,,10,4,1.7,81.4
01:36:20,,50,50,-1.37,50,50,0,85.7,79.1,,10,4,-3.3,81.4
01:36:30,,50,50,-0.99,50,50,0,85.7,79.1,,10,4,-2,81.4
01:36:40,,50,50,-1.1,50,50,0,85.7,79.1,,10,4,2.5,81.4
01:36:50,,50,50,-1.3,50,50,0,85.6,79.2,,10,4,-2,81.4
01:37:00,,50,50,-0.93,50,50,0,85.6,79.3,,10,4,-3.3,81.4
01:37:10,,50,50,-1.23,50,50,0,85.6,79.3,,10,4,5.6,81.4
01:37:20,,50,50,-1.22,50,50,0,85.5,79.4,,10,4,2.8,81.4
01:37:30,,50,50,-0.9,50,50,0,85.5,79.5,,10,4,-1.7,81.4
01:37:40,,50,50,-1.25,50,50,0,85.5,79.7,,10,4,1.5,81.4
01:37:50,,50,50,-1.03,50,50,0,85.5,79.9,,10,4,1.7,81.3
01:38:00,,50,50,-1.05,50,50,0,85.5,80.1,,10,4,-0.7,81.3
01:38:10,,50,50,-1.48,50,50,0,85.5,80.3,,10,4,-3.3,81.3
01:38:20,,50,50,-0.99,50,50,0,85.5,80.4,,10,4,3.5,81.4
01:38:30,,50,50,-1.15,50,50,0,85.5,80.5,,10,4,3,81.4
01:38:40,,50,50,-1.22,50,50,0,85.5,80.6,,10,4,-3.5,81.4
01:38:50,,50,50,-0.78,50,50,0,85.6,80.7,,10,4,1.7,81.4
01:39:00,,50,50,-1.37,50,50,0,85.5,80.8,,10,4,5.3,81.4
01:39:10,,50,50,-1.21,50,50,0,85.6,80.8,,10,4,-2.8,81.4
01:39:20,,50,50,-0.87,50,50,0,85.5,80.9,,10,4,-3.3,81.3
01:39:30,,50,50,-1.31,50,50,0,85.5,81,,10,4,5.1,81.4
01:39:40,,50,50,-1,50,50,0,85.5,81,,10,4,1.7,81.4
01:39:50,,50,50,-1.09,50,50,0,85.5,81.1,,10,4,-3.3,81.4
01:40:00,,50,50,-1.38,50,50,0,85.5,81.2,,10,4,-3.3,81.4
01:40:10,,50,50,-0.89,50,50,0,85.5,81.2,,10,4,4,81.4
01:40:20,,50,50,-1.36,50,50,0,85.5,81.2,,10,4,2.2,81.4
01:40:30,,50,50,-1.25,50,50,0,85.5,81.2,,10,4,-3.3,81.4
01:40:40,StepFinished Stirrer 2 - Hold Frequency at 50rpm:StepStarted Stirrer 2 - Hold Frequency at 200rpm,50,50,-0.78,50,50,0,85.4,81.3,,10,4,1.5,81.4
01:40:50,,50,50,-1.05,194,200,0,85.4,81.4,,10,4,2.8,81.4
01:41:00,,50,50,-1.01,200,200,0,85.4,81.5,,10,4,-3.3,81.4
01:41:10,,50,50,-1.1,200,200,0,85.3,81.7,,10,4,-2.8,81.4
01:41:20,StepFinished Stirrer 2 - Hold Frequency at 200rpm:StepStarted Stirrer 2 - Hold Frequency at 50rpm,50,50,-1.35,200,200,0,85.2,81.7,,10,4,5.8,81.4
01:41:30,,50,50,-1.08,50,50,0,85.2,81.7,,10,4,-0.7,81.4
01:41:40,,50,50,-1.23,50,50,0,85,81.7,,10,4,-3,81.4
01:41:50,,50,50,-1.25,50,50,0,84.9,81.7,,10,4,2.2,81.4
01:42:00,,50,50,-0.82,50,50,0,84.8,81.8,,10,4,4.5,81.4
01:42:10,,50,50,-1.31,50,50,0,84.7,81.9,,10,4,-2.5,81.4
01:42:20,,50,50,-1.09,50,50,0,84.6,82.1,,10,4,-3.5,81.3
01:42:30,,50,50,-0.85,50,50,0,84.5,82.3,,10,4,6.6,81.3
01:42:40,,50,50,-1.41,50,50,0,84.5,82.4,,10,4,1.7,81.4
01:42:50,,50,50,-0.99,50,50,0,84.6,82.6,,10,4,-3.5,81.4
01:43:00,,50,50,-0.99,50,50,0,84.6,82.7,,10,4,-0.2,81.4
01:43:10,,50,50,-1.24,50,50,0,84.7,82.9,,10,4,4.3,81.4
01:43:20,,50,50,-0.86,50,50,0,84.7,82.9,,10,4,-3,81.4
01:43:30,,50,50,-1.27,50,50,0,84.8,83.1,,10,4,-3.3,81.4
01:43:40,,50,50,-1.17,50,50,0,84.8,83.2,,10,4,2,81.4
01:43:50,,50,50,-0.87,50,50,0,84.9,83.3,,10,4,1.5,81.4
01:44:00,,50,50,-1.32,50,50,0,84.9,83.4,,10,4,-3,81.4
01:44:10,,50,50,-1.01,50,50,0,84.9,83.5,,10,4,-2.5,81.4
01:44:20,,50,50,-1.06,50,50,0,84.9,83.6,,10,4,7.6,81.4
01:44:30,,50,50,-1.35,50,50,0,84.9,83.7,,10,4,-1.2,81.4
01:44:40,,50,50,-0.97,50,50,0,84.9,83.9,,10,4,-3.5,81.4
01:44:50,,50,50,-1.14,50,50,0,84.9,83.9,,10,4,2.5,81.4
01:45:00,,50,50,-1.18,50,50,0,84.9,84,,10,4,1.7,81.4
01:45:10,,50,50,-0.98,50,50,0,84.9,84.1,,10,4,-3.3,81.4
01:45:20,,50,50,-1.21,50,50,0,84.9,84.3,,10,4,-2,81.4
01:45:30,,50,50,-1.21,50,50,0,85,84.4,,10,4,4.8,81.4
01:45:40,,50,50,-0.91,50,50,0,84.9,84.5,,10,4,-1,81.5
01:45:50,,50,50,-1.38,50,50,0,84.9,84.5,,10,4,-3,81.4
01:46:00,,50,50,-0.92,50,50,0,84.9,84.7,,10,4,2.2,81.5
01:46:10,StepFinished Stirrer 1 - Hold Frequency at 50rpm:StepStarted Stirrer 1 - Hold Frequency at 100rpm,89,100,-1.15,50,50,0,84.9,84.8,,10,4,5.8,81.4
01:46:20,StepFinished Stirrer 1 - Hold Frequency at 100rpm:StepStarted Stirrer 1 - Hold Frequency at 50rpm,100,100,-0.62,50,50,0,84.9,84.9,,10,4,-2.5,81.4
01:46:30,,50,50,-1.57,50,50,0,84.9,85,,10,4,-3.5,81.4
01:46:40,,50,50,-1.27,50,50,0,84.9,85.1,,10,4,3.8,81.4
01:46:50,,50,50,-0.89,50,50,0,84.9,85.1,,10,4,0.2,81.4
01:47:00,,50,50,-1.31,50,50,0,84.8,85.1,,10,4,-3,81.4
01:47:10,,50,50,-1.11,50,50,0,84.8,85.1,,10,4,-2,81.4
01:47:20,,50,50,-0.87,50,50,0,84.9,85.2,,10,4,6.3,81.5
01:47:30,,50,50,-1.22,50,50,0,84.8,85.3,,10,4,-1.7,81.4
01:47:40,,50,50,-1.01,50,50,0,84.9,85.5,,10,4,-3.3,81.4
01:47:50,,50,50,-1,50,50,0,84.9,85.5,,10,4,5.1,81.4
01:48:00,,50,50,-1.24,50,50,0,84.9,85.6,,10,4,2.8,81.4
01:48:10,,50,50,-0.85,50,50,0,84.9,85.7,,10,4,-3,81.4
01:48:20,,50,50,-1.14,50,50,0,84.9,85.7,,10,4,0.7,81.4
01:48:30,,50,50,-1.13,50,50,0,84.9,85.8,,10,4,4.3,81.4
01:48:40,,50,50,-0.86,50,50,0,84.9,85.9,,10,4,-3,81.4
01:48:50,,50,50,-1.18,50,50,0,84.9,86,,10,4,-2.8,81.4
01:49:00,,50,50,-1.14,50,50,0,84.9,86,,10,4,4.8,81.4
01:49:10,,50,50,-0.81,50,50,0,84.9,86.1,,10,4,1,81.4
01:49:20,,50,50,-1.29,50,50,0,84.9,86.2,,10,4,-3,81.4
01:49:30,,50,50,-0.99,50,50,0,84.9,86.3,,10,4,-1.5,81.4
01:49:40,,50,50,-1.08,50,50,0,84.9,86.3,,10,4,3.3,81.4
01:49:50,,50,50,-1.24,50,50,0,84.9,86.4,,10,4,-2.5,81.4
01:50:00,,50,50,-0.82,50,50,0,84.9,86.5,,10,4,-3.3,81.4
01:50:10,,50,50,-1.25,50,50,0,84.9,86.5,,10,4,2.8,81.4
01:50:20,,50,50,-0.94,50,50,0,84.8,86.6,,10,4,2.8,81.5
01:50:30,,50,50,-0.82,50,50,0,84.8,86.7,,10,4,-2,81.5
01:50:40,,50,50,-1.26,50,50,0,84.9,86.8,,10,4,-2.2,81.5
01:50:50,,50,50,-1,50,50,0,84.8,86.8,,10,4,3.5,81.5
01:51:00,,50,50,-1.05,50,50,0,84.8,86.9,,10,4,0.5,81.4
01:51:10,,50,50,-1.32,50,50,0,84.8,86.9,,10,4,-3,81.4
01:51:20,,50,50,-0.83,50,50,0,84.7,86.8,,10,4,0.7,81.4
01:51:30,,50,50,-1.15,50,50,0,84.8,86.7,,10,4,0.7,81.4
01:51:40,,50,50,-1.07,50,50,0,84.7,86.8,StepFinished Stirrer 3 - Hold Frequency at 4rpm:StepStarted Stirrer 3 - Hold Frequency at 50rpm,10,50,-3.3,81.4
01:51:50,,50,50,-0.85,50,50,0,84.7,86.8,,50,50,8.4,81.3
01:52:00,,50,50,-1.3,50,50,0,84.7,86.8,,50,50,3,81.3
01:52:10,,50,50,-0.93,50,50,0,84.7,86.8,,50,50,1.7,81.3
01:52:20,,50,50,-0.82,50,50,0,84.7,86.7,,50,50,2.5,81.3
01:52:30,,50,50,-1.39,50,50,0,84.7,86.7,,50,50,5.8,81.2
01:52:40,,50,50,-0.92,50,50,0,84.7,86.7,,50,50,8.6,81.2
01:52:50,,50,50,-0.99,50,50,0,84.7,86.7,,50,50,4.8,81.1
01:53:00,,50,50,-1.18,50,50,0,84.7,86.7,,50,50,3.3,81.1
01:53:10,,50,50,-0.73,50,50,0,84.6,86.6,,50,50,3.3,81
01:53:20,,50,50,-1.15,50,50,0,84.6,86.6,,50,50,10.2,80.9
01:53:30,,50,50,-1.09,50,50,0,84.5,86.6,,50,50,10.4,80.9
01:53:40,,50,50,-0.77,50,50,0,84.4,86.6,,50,50,7.1,80.9
01:53:50,,50,50,-1.33,50,50,0,84.4,86.7,,50,50,4.5,80.9
01:54:00,,50,50,-0.9,50,50,0,84.4,86.7,,50,50,4.3,80.9
01:54:10,,50,50,-1.09,50,50,0,84.4,86.7,,50,50,5.3,80.9
01:54:20,,50,50,-1.29,50,50,0,84.3,86.8,,50,50,2.2,80.9
01:54:30,,50,50,-0.92,50,50,0,84.3,86.8,,50,50,3.5,80.8
01:54:40,,50,50,-1.12,50,50,0,84.3,86.8,,50,50,6.1,80.8
01:54:50,,50,50,-1.16,50,50,0,84.4,86.9,,50,50,8.4,80.8
01:55:00,,50,50,-0.98,50,50,0,84.3,86.9,,50,50,8.9,80.7
01:55:10,,50,50,-1.2,50,50,0,84.3,86.8,,50,50,7.6,80.7
01:55:20,,50,50,-1,50,50,0,84.3,86.8,,50,50,4.8,80.6
01:55:30,,50,50,-1.01,50,50,0,84.3,86.8,,50,50,6.3,80.6
01:55:40,,50,50,-1.35,50,50,0,84.2,86.8,,50,50,8.4,80.6
01:55:50,,50,50,-0.83,50,50,0,84.2,86.7,,50,50,8.6,80.6
01:56:00,,50,50,-1.04,50,50,0,84.1,86.7,,50,50,7.9,80.5
01:56:10,StepFinished Stirrer 1 - Hold Frequency at 50rpm:StepStarted Stirrer 1 - Hold Frequency at 70rpm,52,70,-1.34,50,50,0,84.1,86.6,,50,50,6.1,80.5
01:56:20,,70,70,-1.99,50,50,0,84.1,86.3,,50,50,3,80.5
01:56:30,,70,70,-1.94,50,50,0,84,86.2,,50,50,8.9,80.5
01:56:40,,70,70,-2.02,50,50,0,83.9,86.2,,50,50,9.6,80.4
01:56:50,,70,70,-1.97,50,50,0,83.9,86.2,,50,50,5.6,80.4
01:57:00,,70,70,-1.94,50,50,0,83.9,86.2,,50,50,6.1,80.3
01:57:10,,70,70,-1.99,50,50,0,83.9,86.2,,50,50,6.3,80.3
01:57:20,,70,70,-1.99,50,50,0,84,86.2,,50,50,10.2,80.3
01:57:30,,70,70,-1.95,50,50,0,84,86.2,,50,50,4.8,80.3
01:57:40,,70,70,-1.93,50,50,0,84,86.2,,50,50,6.3,80.3
01:57:50,,70,70,-1.97,50,50,0,84,86.2,,50,50,8.9,80.3
01:58:00,,70,70,-1.96,50,50,0,83.9,86.2,,50,50,3.8,80.2
01:58:10,,70,70,-1.95,50,50,0,83.8,86.2,,50,50,7.6,80.2
01:58:20,,70,70,-1.99,50,50,0,83.8,86.2,,50,50,4.3,80.2
01:58:30,,70,70,-1.97,50,50,0,83.8,86.2,,50,50,2,80.1
01:58:40,,70,70,-1.94,50,50,0,83.8,86.2,,50,50,2.2,80.1
01:58:50,,70,70,-1.9,50,50,0,83.9,86.2,,50,50,8.9,80.1
01:59:00,,70,70,-1.96,50,50,0,83.9,86.2,,50,50,7.1,80.1
01:59:10,,70,70,-1.93,50,50,0,83.9,86.2,,50,50,5.1,80
01:59:20,,70,70,-1.9,50,50,0,83.9,86.1,,50,50,1.7,80
01:59:30,,70,70,-1.96,50,50,0,83.8,86.1,,50,50,2,80
01:59:40,,70,70,-1.94,50,50,0,83.8,86.1,,50,50,9.1,80
01:59:50,,70,70,-1.91,50,50,0,83.8,86,,50,50,9.4,79.9
02:00:00,,70,70,-1.92,50,50,0,83.8,86,,50,50,7.6,79.9
02:00:10,,70,70,-1.94,50,50,0,83.8,85.9,,50,50,6.1,79.9
02:00:20,,70,70,-1.92,50,50,0,83.8,85.9,,50,50,11.7,79.8
02:00:30,,70,70,-1.96,50,50,0,83.8,85.9,,50,50,10.2,79.8
02:00:40,,70,70,-2.01,50,50,0,83.8,85.9,,50,50,8.9,79.8
02:00:50,,70,70,-1.98,50,50,0,83.7,85.8,,50,50,2,79.8
02:01:00,,70,70,-1.95,50,50,0,83.7,85.8,,50,50,2.5,79.7
02:01:10,,70,70,-1.99,50,50,0,83.6,85.8,,50,50,6.6,79.7
02:01:20,,70,70,-1.99,50,50,0,83.6,85.8,,50,50,4.3,79.7
02:01:30,StepFinished Stirrer 2 - Hold Frequency at 50rpm:StepStarted Stirrer 2 - Hold Frequency at 90rpm,70,70,-2.03,50,50,0,83.6,85.7,,50,50,1.5,79.7
02:01:40,StepFinished Stirrer 1 - Hold Frequency at 70rpm:StepStarted Stirrer 1 - Hold Frequency at 90rpm,71,90,-1.99,86,90,0,83.6,85.6,,50,50,7.1,79.7
02:01:50,,90,90,-0.74,90,90,0,83.6,85.6,,50,50,3,79.7
02:02:00,,90,90,-0.73,90,90,0,83.5,85.6,,50,50,5.6,79.6
02:02:10,,90,90,-0.74,90,90,0,83.6,85.6,,50,50,6.8,79.6
02:02:20,,90,90,-0.7,90,90,0,83.7,85.7,,50,50,1.2,79.5
02:02:30,,90,90,-0.74,90,90,0,83.8,85.7,,50,50,6.1,79.4
02:02:40,,90,90,-0.72,90,90,0,83.8,85.7,,50,50,2.2,79.3
02:02:50,,90,90,-0.66,90,90,0,83.9,85.7,,50,50,6.1,79.3
02:03:00,,90,90,-0.7,90,90,0,83.9,85.7,,50,50,8.1,79.2
02:03:10,,90,90,-0.65,90,90,0,83.9,85.8,,50,50,5.8,79.2
02:03:20,,90,90,-0.64,90,90,0,84,85.9,,50,50,4.5,79.1
02:03:30,,90,90,-0.65,90,90,0,84,86,,50,50,4.3,79
02:03:40,,90,90,-0.59,90,90,0,84,86,,50,50,6.8,79
02:03:50,,90,90,-0.63,90,90,0,84,86.1,,50,50,6.6,79
02:04:00,,90,90,-0.59,90,90,0,84,86.1,,50,50,2.2,79
02:04:10,,90,90,-0.64,90,90,0,83.9,86.1,,50,50,1.2,79
02:04:20,,90,90,-0.73,90,90,0,83.9,86.1,,50,50,2.8,78.9
02:04:30,,90,90,-0.77,90,90,0,83.9,86.1,,50,50,1.2,78.9
02:04:40,,90,90,-0.74,90,90,0,83.9,86,,50,50,1.2,78.8
02:04:50,,90,90,-0.65,90,90,0,83.9,86,,50,50,2.5,78.7
02:05:00,,90,90,-0.65,90,90,0,84,85.9,,50,50,5.1,78.6
02:05:10,,90,90,-0.63,90,90,0,83.9,85.9,,50,50,6.1,78.6
02:05:20,,90,90,-0.66,90,90,0,83.9,85.9,,50,50,6.6,78.6
02:05:30,,90,90,-0.69,90,90,0,83.9,85.8,,50,50,6.1,78.6
02:05:40,,90,90,-0.64,90,90,0,83.8,85.8,,50,50,2.8,78.5
02:05:50,,90,90,-0.64,90,90,0,83.8,85.9,,50,50,0.5,78.5
02:06:00,,90,90,-0.63,90,90,0,83.8,85.8,,50,50,6.6,78.5
02:06:10,,90,90,-0.68,90,90,0,83.8,85.8,,50,50,8.6,78.5
02:06:20,,90,90,-0.7,90,90,0,83.8,85.7,,50,50,9.6,78.4
02:06:30,,90,90,-0.72,90,90,0,83.8,85.7,StepFinished Stirrer 3 - Hold Frequency at 50rpm:StepStarted Stirrer 3 - Hold Frequency at 70rpm,50,70,7.6,78.4
02:06:40,,90,90,-0.64,90,90,0,83.8,85.6,,70,70,7.3,78.4
02:06:50,,90,90,-0.67,90,90,0,83.7,85.6,,70,70,7.9,78.3
02:07:00,,90,90,-0.74,90,90,0,83.7,85.6,,70,70,4.5,78.2
02:07:10,,90,90,-0.71,90,90,0,83.7,85.5,,70,70,4.5,78.2
02:07:20,,90,90,-0.75,90,90,0,83.7,85.5,,70,70,8.6,78.2
02:07:30,,90,90,-0.71,90,90,0,83.8,85.5,,70,70,6.6,78.1
02:07:40,,90,90,-0.68,90,90,0,83.8,85.5,,70,70,6.6,77.9
02:07:50,,90,90,-0.69,90,90,0,83.8,85.5,,70,70,4,77.8
02:08:00,,90,90,-0.71,90,90,0,83.8,85.6,,70,70,6.8,77.7
02:08:10,,90,90,-0.7,90,90,0,83.8,85.6,,70,70,9.1,77.6
02:08:20,,90,90,-0.75,90,90,0,83.8,85.6,,70,70,8.4,77.5
02:08:30,,90,90,-0.74,90,90,0,83.7,85.6,,70,70,6.8,77.5
02:08:40,,90,90,-0.83,90,90,0,83.7,85.6,,70,70,8.1,77.5
02:08:50,,90,90,-0.78,90,90,0,83.6,85.6,,70,70,3.8,77.4
02:09:00,,90,90,-0.7,90,90,0,83.6,85.6,,70,70,6.6,77.5
02:09:10,,90,90,-0.73,90,90,0,83.6,85.5,,70,70,6.1,77.5
02:09:20,,90,90,-0.78,90,90,0,83.6,85.5,,70,70,7.9,77.6
02:09:30,,90,90,-0.83,90,90,0,83.6,85.4,,70,70,6.6,77.6
02:09:40,,90,90,-0.82,90,90,0,83.7,85.4,,70,70,7.6,77.6
02:09:50,,90,90,-0.82,90,90,0,83.7,85.3,,70,70,8.9,77.6
02:10:00,,90,90,-0.79,90,90,0,83.7,85.4,,70,70,4.8,77.6
02:10:10,,90,90,-0.81,90,90,0,83.8,85.3,,70,70,7.6,77.6
02:10:20,,90,90,-0.71,90,90,0,83.8,85.3,,70,70,3.3,77.6
02:10:30,,90,90,-0.7,90,90,0,83.7,85.3,,70,70,6.6,77.6
02:10:40,,90,90,-0.72,90,90,0,83.7,85.3,,70,70,5.8,77.7
02:10:50,,90,90,-0.71,90,90,0,83.7,85.4,,70,70,7.6,77.7
02:11:00,,90,90,-0.73,90,90,0,83.7,85.4,,70,70,5.6,77.7
02:11:10,,90,90,-0.76,90,90,0,83.8,85.3,,70,70,7.3,77.8
02:11:20,,90,90,-0.71,90,90,0,83.7,85.3,,70,70,8.1,77.8
02:11:30,,90,90,-0.77,90,90,0,83.8,85.3,,70,70,6.8,77.8
02:11:40,,90,90,-0.72,90,90,0,83.8,85.3,,70,70,4.3,77.8
02:11:50,,90,90,-0.68,90,90,0,83.8,85.3,,70,70,7.1,77.8
02:12:00,,90,90,-0.66,90,90,0,83.9,85.3,,70,70,4,77.7
02:12:10,,90,90,-0.73,90,90,0,83.9,85.3,,70,70,4.5,77.7
02:12:20,,90,90,-0.76,90,90,0,83.9,85.2,,70,70,7.6,77.7
02:12:30,,90,90,-0.74,90,90,0,83.9,85.2,,70,70,6.1,77.7
02:12:40,,90,90,-0.79,90,90,0,83.9,85.1,,70,70,8.1,77.7
02:12:50,,90,90,-0.75,90,90,0,83.9,85.1,,70,70,4.5,77.7
02:13:00,,90,90,-0.79,90,90,0,84,85.1,,70,70,7.1,77.7
02:13:10,,90,90,-0.76,90,90,0,84,85,,70,70,7.1,77.6
02:13:20,,90,90,-0.67,90,90,0,84,85,,70,70,3,77.6
02:13:30,,90,90,-0.71,90,90,0,84,85.1,,70,70,3.5,77.6
02:13:40,,90,90,-0.71,90,90,0,84.1,85.1,,70,70,5.1,77.5
02:13:50,,90,90,-0.71,90,90,0,84.1,85.1,,70,70,8.4,77.5
02:14:00,,90,90,-0.73,90,90,0,84.1,85.1,,70,70,7.9,77.4
02:14:10,,90,90,-0.67,90,90,0,84.1,85.1,,70,70,6.8,77.4
02:14:20,,90,90,-0.72,90,90,0,84.2,85.1,,70,70,3.5,77.3
02:14:30,,90,90,-0.73,90,90,0,84.2,85.1,,70,70,7.1,77.3
02:14:40,,90,90,-0.81,90,90,0,84.1,85.1,,70,70,5.6,77.2
02:14:50,,90,90,-0.72,90,90,0,84.1,85,,70,70,3.3,77.2
02:15:00,,90,90,-0.75,90,90,0,84.1,85,,70,70,3.5,77.2
02:15:10,,90,90,-0.84,90,90,0,84.1,85,,70,70,6.8,77.2
02:15:20,,90,90,-0.83,90,90,0,84.1,84.9,,70,70,4.8,77.1
02:15:30,,90,90,-0.79,90,90,0,84.2,85,,70,70,8.1,77.2
02:15:40,,90,90,-0.76,90,90,0,84.2,84.9,,70,70,5.1,77.1
02:15:50,,90,90,-0.74,90,90,0,84.1,84.8,,70,70,2.5,77.2
02:16:00,,90,90,-0.65,90,90,0,84.1,84.9,,70,70,6.1,77.2
02:16:10,,90,90,-0.71,90,90,0,84,84.8,,70,70,4.3,77.2
02:16:20,,90,90,-0.8,90,90,0,83.9,84.9,,70,70,2.2,77.1
02:16:30,,90,90,-0.77,90,90,0,83.8,84.9,,70,70,3.3,77.1
02:16:40,,90,90,-0.73,90,90,0,83.8,84.8,,70,70,6.6,77
02:16:50,,90,90,-0.69,90,90,0,83.8,84.8,,70,70,7.3,76.9
02:17:00,,90,90,-0.75,90,90,0,83.8,84.9,,70,70,2.5,76.9
02:17:10,,90,90,-0.72,90,90,0,83.8,84.8,,70,70,5.1,76.9
02:17:20,,90,90,-0.69,90,90,0,83.9,84.8,,70,70,2.5,76.8
02:17:30,,90,90,-0.72,90,90,0,83.8,84.8,,70,70,5.8,76.8
02:17:40,,90,90,-0.69,90,90,0,83.7,84.8,,70,70,4.8,76.8
02:17:50,,90,90,-0.74,90,90,0,83.7,84.8,,70,70,3.3,76.9
02:18:00,,90,90,-0.73,90,90,0,83.7,84.8,,70,70,4.8,76.8
02:18:10,,90,90,-0.7,90,90,0,83.8,84.8,,70,70,5.3,76.9
02:18:20,,90,90,-0.68,90,90,0,83.7,84.8,,70,70,6.1,76.9
02:18:30,,90,90,-0.67,90,90,0,83.8,84.8,,70,70,2,76.8
02:18:40,,90,90,-0.82,90,90,0,83.7,84.9,,70,70,4,76.7
02:18:50,,90,90,-0.86,90,90,0,83.7,84.9,,70,70,5.6,76.7
02:19:00,,90,90,-0.81,90,90,0,83.6,84.9,,70,70,2,76.7
02:19:10,,90,90,-0.79,90,90,0,83.6,84.9,,70,70,5.8,76.6
02:19:20,,90,90,-0.72,90,90,0,83.6,84.9,,70,70,7.3,76.6
02:19:30,,90,90,-0.7,90,90,0,83.6,84.8,,70,70,2.5,76.5
02:19:40,,90,90,-0.75,90,90,0,83.6,84.8,,70,70,4.5,76.4
02:19:50,,90,90,-0.72,90,90,0,83.6,84.7,,70,70,4.8,76.4
02:20:00,,90,90,-0.75,90,90,0,83.5,84.6,,70,70,6.1,76.3
02:20:10,,90,90,-0.78,90,90,0,83.5,84.7,,70,70,3,76.2
02:20:20,,90,90,-0.69,90,90,0,83.5,84.6,,70,70,3.3,76.1
02:20:30,,90,90,-0.68,90,90,0,83.5,84.8,,70,70,4.8,76
02:20:40,,90,90,-0.7,90,90,0,83.5,84.8,,70,70,6.1,75.9
02:20:50,,90,90,-0.74,90,90,0,83.5,84.8,,70,70,5.1,75.8
02:21:00,,90,90,-0.69,90,90,0,83.5,84.7,,70,70,2,75.7
02:21:10,,90,90,-0.7,90,90,0,83.5,84.7,,70,70,4.8,75.7
02:21:20,,90,90,-0.67,90,90,0,83.5,84.6,,70,70,3.3,75.6
02:21:30,,90,90,-0.76,90,90,0,83.5,84.6,,70,70,6.3,75.6
02:21:40,,90,90,-0.74,90,90,0,83.4,84.6,,70,70,4.5,75.5
02:21:50,,90,90,-0.76,90,90,0,83.4,84.7,,70,70,5.1,75.5
02:22:00,,90,90,-0.76,90,90,0,83.4,84.7,,70,70,6.8,75.5
02:22:10,,90,90,-0.82,90,90,0,83.4,84.7,,70,70,2.5,75.4
02:22:20,,90,90,-0.72,90,90,0,83.4,84.7,,70,70,3,75.4
02:22:30,,90,90,-0.69,90,90,0,83.4,84.8,,70,70,5.8,75.4
02:22:40,,90,90,-0.65,90,90,0,83.3,84.7,,70,70,2.8,75.4
02:22:50,,90,90,-0.68,90,90,0,83.3,84.7,,70,70,4.5,75.4
02:23:00,,90,90,-0.62,90,90,0,83.4,84.6,,70,70,7.3,75.4
02:23:10,,90,90,-0.63,90,90,0,83.3,84.6,,70,70,2.5,75.4
02:23:20,,90,90,-0.66,90,90,0,83.3,84.6,,70,70,3.8,75.5
02:23:30,,90,90,-0.74,90,90,0,83.3,84.6,,70,70,1.7,75.5
02:23:40,,90,90,-0.76,90,90,0,83.3,84.6,,70,70,6.1,75.5
02:23:50,,90,90,-0.74,90,90,0,83.3,84.6,,70,70,5.1,75.5
02:24:00,,90,90,-0.73,90,90,0,83.3,84.7,,70,70,8.9,75.5
02:24:10,,90,90,-0.75,90,90,0,83.3,84.7,,70,70,3.8,75.5
02:24:20,,90,90,-0.69,90,90,0,83.3,84.7,,70,70,4.5,75.5
02:24:30,,90,90,-0.77,90,90,0,83.3,84.6,,70,70,5.8,75.5
02:24:40,,90,90,-0.71,90,90,0,83.3,84.6,,70,70,2.2,75.5
02:24:50,,90,90,-0.72,90,90,0,83.2,84.6,,70,70,5.3,75.5
02:25:00,,90,90,-0.66,90,90,0,83.3,84.7,,70,70,3,75.5
02:25:10,,90,90,-0.7,90,90,0,83.3,84.6,,70,70,8.1,75.5
02:25:20,,90,90,-0.73,90,90,0,83.3,84.7,,70,70,4.8,75.5
02:25:30,,90,90,-0.7,90,90,0,83.4,84.6,,70,70,6.3,75.5
02:25:40,,90,90,-0.7,90,90,0,83.4,84.6,,70,70,5.6,75.5
02:25:50,,90,90,-0.69,90,90,0,83.4,84.6,,70,70,4,75.5
02:26:00,,90,90,-0.72,90,90,0,83.4,84.7,,70,70,3,75.5
02:26:10,,90,90,-0.77,90,90,0,83.4,84.7,,70,70,7.3,75.5
02:26:20,,90,90,-0.73,90,90,0,83.4,84.7,,70,70,4.3,75.5
02:26:30,,90,90,-0.71,90,90,0,83.4,84.7,,70,70,2.2,75.5
02:26:40,,90,90,-0.7,90,90,0,83.4,84.7,,70,70,6.3,75.6
02:26:50,,90,90,-0.73,90,90,0,83.4,84.7,,70,70,3.3,75.8
02:27:00,,90,90,-0.65,90,90,0,83.4,84.7,,70,70,7.9,76
02:27:10,,90,90,-0.66,90,90,0,83.4,84.6,,70,70,3.3,76.1
02:27:20,,90,90,-0.71,90,90,0,83.4,84.6,,70,70,4.8,76.3
02:27:30,,90,90,-0.68,90,90,0,83.4,84.5,,70,70,4.8,76.5
02:27:40,,90,90,-0.7,90,90,0,83.4,84.6,,70,70,5.6,76.6
02:27:50,,90,90,-0.65,90,90,0,83.4,84.6,,70,70,4.3,76.7
02:28:00,,90,90,-0.68,90,90,0,83.4,84.5,,70,70,2.5,76.8
02:28:10,,90,90,-0.73,90,90,0,83.4,84.6,,70,70,3.8,76.9
02:28:20,,90,90,-0.71,90,90,0,83.4,84.6,,70,70,4.3,77
02:28:30,,90,90,-0.72,90,90,0,83.4,84.6,,70,70,5.8,77.1
02:28:40,,90,90,-0.65,90,90,0,83.5,84.6,,70,70,2,77.1
02:28:50,,90,90,-0.69,90,90,0,83.4,84.7,,70,70,4.8,77.2
02:29:00,,90,90,-0.67,90,90,0,83.5,84.8,,70,70,5.8,77.2
02:29:10,,90,90,-0.71,90,90,0,83.5,84.8,,70,70,4.5,77.2
02:29:20,,90,90,-0.64,90,90,0,83.4,84.8,,70,70,5.6,77.2
02:29:30,,90,90,-0.61,90,90,0,83.5,84.6,,70,70,5.8,77.3
02:29:40,,90,90,-0.66,90,90,0,83.5,84.6,,70,70,1.5,77.3
02:29:50,,90,90,-0.61,90,90,0,83.4,84.6,,70,70,4,77.4
02:30:00,,90,90,-0.66,90,90,0,83.4,84.6,,70,70,5.8,77.4
02:30:10,,90,90,-0.64,90,90,0,83.4,84.5,,70,70,3.3,77.4
02:30:20,,90,90,-0.61,90,90,0,83.4,84.5,,70,70,5.3,77.4
02:30:30,,90,90,-0.66,90,90,0,83.4,84.5,,70,70,3,77.5
02:30:40,,90,90,-0.72,90,90,0,83.4,84.5,,70,70,5.8,77.5
02:30:50,,90,90,-0.7,90,90,0,83.4,84.4,,70,70,3,77.5
02:31:00,,90,90,-0.68,90,90,0,83.3,84.5,,70,70,5.3,77.6
02:31:10,,90,90,-0.65,90,90,0,83.3,84.4,,70,70,2.2,77.6
02:31:20,,90,90,-0.68,90,90,0,83.3,84.3,,70,70,5.8,77.7
02:31:30,,90,90,-0.63,90,90,0,83.4,84.4,,70,70,6.1,77.7
02:31:40,,90,90,-0.67,90,90,0,83.4,84.4,,70,70,6.3,77.8
02:31:50,,90,90,-0.63,90,90,0,83.4,84.4,,70,70,3,77.8
02:32:00,,90,90,-0.62,90,90,0,83.4,84.4,,70,70,3,77.9
02:32:10,,90,90,-0.61,90,90,0,83.4,84.5,,70,70,6.3,78
02:32:20,,90,90,-0.56,90,90,0,83.4,84.4,,70,70,4.8,78
02:32:30,,90,90,-0.59,90,90,0,83.4,84.4,,70,70,3,78.1
02:32:40,,90,90,-0.6,90,90,0,83.4,84.4,,70,70,6.1,78.2
02:32:50,,90,90,-0.6,90,90,0,83.3,84.4,,70,70,3,78.2
02:33:00,,90,90,-0.64,90,90,0,83.4,84.4,,70,70,2.5,78.3
02:33:10,,90,90,-0.68,90,90,0,83.4,84.3,,70,70,6.3,78.3
02:33:20,,90,90,-0.73,90,90,0,83.3,84.3,,70,70,5.3,78.4
02:33:30,,90,90,-0.74,90,90,0,83.3,84.4,,70,70,3.8,78.5
02:33:40,,90,90,-0.71,90,90,0,83.4,84.4,,70,70,5.8,78.5
02:33:50,,90,90,-0.72,90,90,0,83.3,84.4,,70,70,2.8,78.6
02:34:00,,90,90,-0.69,90,90,0,83.3,84.4,,70,70,5.1,78.6
02:34:10,,90,90,-0.7,90,90,0,83.4,84.4,,70,70,2,78.7
02:34:20,,90,90,-0.66,90,90,0,83.3,84.4,,70,70,6.6,78.7
02:34:30,,90,90,-0.69,90,90,0,83.3,84.5,,70,70,5.8,78.8
02:34:40,,90,90,-0.68,90,90,0,83.3,84.5,,70,70,5.6,78.8
02:34:50,,90,90,-0.62,90,90,0,83.2,84.5,,70,70,3,78.9
02:35:00,,90,90,-0.66,90,90,0,83.2,84.5,,70,70,3.8,78.9
02:35:10,,90,90,-0.64,90,90,0,83.3,84.5,,70,70,6.3,79
02:35:20,,90,90,-0.63,90,90,0,83.3,84.5,,70,70,8.1,79
02:35:30,,90,90,-0.58,90,90,0,83.3,84.5,,70,70,5.8,79.1
02:35:40,,90,90,-0.62,90,90,0,83.2,84.5,,70,70,2.2,79.1
02:35:50,,90,90,-0.64,90,90,0,83.2,84.5,,70,70,5.3,79.2
02:36:00,,90,90,-0.64,90,90,0,83.1,84.5,,70,70,3.3,79.3
02:36:10,,90,90,-0.72,90,90,0,83.1,84.4,,70,70,6.6,79.4
02:36:20,,90,90,-0.67,90,90,0,83.1,84.4,,70,70,6.3,79.5
02:36:30,,90,90,-0.64,90,90,0,83.1,84.4,,70,70,6.3,79.6
02:36:40,,90,90,-0.64,90,90,0,83.1,84.5,,70,70,2.2,79.7
02:36:50,,90,90,-0.65,90,90,0,83,84.5,,70,70,5.8,79.8
02:37:00,,90,90,-0.61,90,90,0,83.1,84.5,,70,70,2.5,79.9
02:37:10,,90,90,-0.61,90,90,0,83.1,84.5,,70,70,2.2,80
02:37:20,,90,90,-0.64,90,90,0,83.1,84.5,,70,70,5.8,80.1
02:37:30,,90,90,-0.63,90,90,0,83.1,84.4,,70,70,5.1,80.2
02:37:40,,90,90,-0.62,90,90,0,83.1,84.4,,70,70,4.5,80.2
02:37:50,,90,90,-0.58,90,90,0,83.2,84.3,,70,70,2.5,80.3
02:38:00,,90,90,-0.69,90,90,0,83.2,84.3,,70,70,4.5,80.3
02:38:10,,90,90,-0.61,90,90,0,83.3,84.4,,70,70,2.2,80.4
02:38:20,,90,90,-0.57,90,90,0,83.2,84.4,,70,70,6.1,80.4
02:38:30,,90,90,-0.66,90,90,0,83.2,84.4,,70,70,5.3,80.4
02:38:40,,90,90,-0.59,90,90,0,83.2,84.4,,70,70,6.8,80.5
02:38:50,,90,90,-0.68,90,90,0,83.1,84.3,,70,70,2.8,80.5
02:39:00,,90,90,-0.71,90,90,0,83,84.3,,70,70,3.8,80.6
02:39:10,,90,90,-0.78,90,90,0,83,84.3,,70,70,5.8,80.6
02:39:20,,90,90,-0.77,90,90,0,83,84.3,,70,70,2.5,80.6
02:39:30,,90,90,-0.74,90,90,0,83,84.3,,70,70,4.3,80.5
02:39:40,,90,90,-0.73,90,90,0,83.1,84.2,,70,70,7.6,80.6
02:39:50,,90,90,-0.75,90,90,0,83.1,84.2,,70,70,2.5,80.6
02:40:00,,90,90,-0.77,90,90,0,83.1,84.2,,70,70,4.3,80.6
02:40:10,,90,90,-0.75,90,90,0,83,84.2,,70,70,2,80.6
02:40:20,,90,90,-0.73,90,90,0,83,84.2,,70,70,1.7,80.6
02:40:30,,90,90,-0.74,90,90,0,83,84.2,,70,70,4.5,80.6
02:40:40,,90,90,-0.73,90,90,0,83,84.2,,70,70,8.4,80.7
02:40:50,,90,90,-0.74,90,90,0,83,84.2,,70,70,3.3,80.6
02:41:00,,90,90,-0.71,90,90,0,83,84.2,,70,70,4.8,80.5
02:41:10,,90,90,-0.69,90,90,0,83.1,84.2,,70,70,2.5,80.5
02:41:20,,90,90,-0.67,90,90,0,83.1,84.2,,70,70,6.3,80.4
02:41:30,,90,90,-0.68,90,90,0,83.2,84.2,,70,70,4,80.3
02:41:40,,90,90,-0.7,90,90,0,83.2,84.2,,70,70,6.6,80.3
02:41:50,,90,90,-0.7,90,90,0,83.3,84.3,,70,70,4.5,80.2
02:42:00,,90,90,-0.65,90,90,0,83.3,84.2,,70,70,5.6,80.2
02:42:10,,90,90,-0.63,90,90,0,83.3,84.2,,70,70,5.3,80.2
02:42:20,,90,90,-0.68,90,90,0,83.2,84.3,,70,70,6.1,80.2
02:42:30,,90,90,-0.65,90,90,0,83.2,84.2,,70,70,3.8,80.2
02:42:40,,90,90,-0.66,90,90,0,83.3,84.2,,70,70,2.8,80.2
02:42:50,,90,90,-0.58,90,90,0,83.3,84.2,,70,70,6.1,80.2
02:43:00,,90,90,-0.64,90,90,0,83.3,84.2,,70,70,5.8,80.2
02:43:10,,90,90,-0.6,90,90,0,83.3,84.2,,70,70,3,80.2
02:43:20,,90,90,-0.6,90,90,0,83.2,84.2,,70,70,6.1,80.1
02:43:30,,90,90,-0.57,90,90,0,83.2,84.2,,70,70,3.8,80.1
02:43:40,,90,90,-0.61,90,90,0,83.2,84.2,,70,70,3,80
02:43:50,,90,90,-0.66,90,90,0,83.2,84.2,,70,70,6.1,80.1
02:44:00,,90,90,-0.65,90,90,0,83.2,84.2,,70,70,6.3,80.1
02:44:10,,90,90,-0.62,90,90,0,83.2,84.1,,70,70,4.3,80.1
02:44:20,,90,90,-0.68,90,90,0,83.2,84.2,,70,70,2.2,80.2
02:44:30,,90,90,-0.62,90,90,0,83.2,84.2,,70,70,4.8,80.2
02:44:40,,90,90,-0.67,90,90,0,83.2,84.1,,70,70,6.1,80.3
02:44:50,,90,90,-0.66,90,90,0,83.2,84,,70,70,5.3,80.3
02:45:00,,90,90,-0.64,90,90,0,83.3,84.1,,70,70,6.3,80.4
02:45:10,,90,90,-0.71,90,90,0,83.2,84.1,,70,70,4,80.4
02:45:20,,90,90,-0.72,90,90,0,83.3,84.1,,70,70,5.8,80.5
02:45:31,,90,90,-0.7,90,90,0,83.2,84.1,,70,70,2.8,80.5
02:45:40,,90,90,-0.68,90,90,0,83.2,84,,70,70,3.5,80.6
02:45:50,,90,90,-0.69,90,90,0,83.2,83.9,,70,70,2,80.6
02:46:00,,90,90,-0.69,90,90,0,83.2,84,,70,70,4.8,80.7
02:46:10,,90,90,-0.68,90,90,0,83.2,84,,70,70,7.3,80.7
02:46:20,,90,90,-0.65,90,90,0,83.2,84,,70,70,7.1,80.8
02:46:30,,90,90,-0.7,90,90,0,83.2,84,,70,70,4.8,80.8
02:46:40,,90,90,-0.69,90,90,0,83.2,83.9,,70,70,5.8,80.9
02:46:50,,90,90,-0.63,90,90,0,83.1,84,,70,70,6.1,80.9
02:47:00,,90,90,-0.67,90,90,0,83.2,84,,70,70,5.3,81
02:47:10,,90,90,-0.65,90,90,0,83.2,84,,70,70,5.8,81
02:47:20,,90,90,-0.63,90,90,0,83.2,83.9,,70,70,4,81
02:47:30,,90,90,-0.61,90,90,0,83.2,83.9,,70,70,6.1,81.1
02:47:40,,90,90,-0.53,90,90,0,83.2,83.9,,70,70,3.5,81.1
02:47:50,,90,90,-0.58,90,90,0,83.2,83.9,,70,70,5.8,81.1
02:48:00,,90,90,-0.53,90,90,0,83.2,83.9,,70,70,3.5,81.2
02:48:10,,90,90,-0.62,90,90,0,83.2,83.9,,70,70,3.3,81.2
02:48:20,,90,90,-0.53,90,90,0,83.2,83.9,,70,70,6.1,81.2
02:48:30,,90,90,-0.52,90,90,0,83.2,83.9,,70,70,6.1,81.3
02:48:40,,90,90,-0.53,90,90,0,83.2,83.9,,70,70,6.6,81.3
02:48:50,,90,90,-0.53,90,90,0,83.2,83.8,,70,70,2.2,81.3
02:49:00,,90,90,-0.5,90,90,0,83.2,83.8,,70,70,5.3,81.3
02:49:10,,90,90,-0.51,90,90,0,83.2,83.8,,70,70,2.8,81.3
02:49:20,,90,90,-0.48,90,90,0,83.2,83.8,,70,70,5.8,81.3
02:49:30,,90,90,-0.57,90,90,0,83.2,83.8,,70,70,3.8,81.3
02:49:40,,90,90,-0.58,90,90,0,83.2,83.8,,70,70,3.5,81.4
02:49:50,,90,90,-0.61,90,90,0,83.2,83.8,,70,70,4,81.4
02:50:00,,90,90,-0.61,90,90,0,83.2,83.8,,70,70,5.1,81.4
02:50:10,,90,90,-0.55,90,90,0,83.2,83.7,,70,70,3.3,81.5
02:50:20,,90,90,-0.58,90,90,0,83.2,83.8,,70,70,5.8,81.5
02:50:30,,90,90,-0.61,90,90,0,83.2,83.8,,70,70,3.5,81.7
02:50:40,,90,90,-0.6,90,90,0,83.1,83.8,,70,70,3,81.7
02:50:50,,90,90,-0.6,90,90,0,83.1,83.9,,70,70,6.6,81.8
02:51:00,,90,90,-0.64,90,90,0,83.1,83.9,,70,70,5.3,81.8
02:51:10,,90,90,-0.62,90,90,0,83.1,83.9,,70,70,4,81.9
02:51:20,,90,90,-0.59,90,90,0,83.2,83.9,,70,70,3,82
02:51:30,,90,90,-0.65,90,90,0,83.2,83.9,,70,70,5.1,82
02:51:40,,90,90,-0.61,90,90,0,83.2,83.9,,70,70,5.6,82.1
02:51:50,,90,90,-0.59,90,90,0,83.2,83.8,,70,70,5.8,82.1
02:52:00,,90,90,-0.58,90,90,0,83.2,83.8,,70,70,3.5,82.3
02:52:10,,90,90,-0.59,90,90,0,83.1,83.8,,70,70,2.8,82.4
02:52:20,,90,90,-0.66,90,90,0,83.1,83.8,,70,70,7.9,82.5
02:52:30,,90,90,-0.63,90,90,0,83.1,83.9,,70,70,4.8,82.5
02:52:40,,90,90,-0.63,90,90,0,83.1,83.9,,70,70,6.6,82.6
02:52:50,,90,90,-0.6,90,90,0,83.1,83.8,,70,70,2.5,82.6
02:53:00,,90,90,-0.61,90,90,0,83.1,83.8,,70,70,4.8,82.6
02:53:10,,90,90,-0.61,90,90,0,83.2,83.8,,70,70,4.8,82.6
02:53:20,,90,90,-0.58,90,90,0,83.1,83.9,,70,70,2.2,82.8
02:53:30,,90,90,-0.69,90,90,0,83.1,83.9,,70,70,4.8,82.8
02:53:40,,90,90,-0.71,90,90,0,83.1,83.9,,70,70,7.1,82.9
02:53:50,,90,90,-0.68,90,90,0,83.1,83.9,,70,70,8.1,82.9
02:54:00,,90,90,-0.68,90,90,0,83.1,83.9,,70,70,5.1,82.9
02:54:10,,90,90,-0.68,90,90,0,83.1,83.9,,70,70,6.3,82.9
02:54:20,,90,90,-0.59,90,90,0,83.1,83.9,,70,70,2.5,83
02:54:30,,90,90,-0.61,90,90,0,83.1,83.9,,70,70,5.1,83
02:54:40,,90,90,-0.62,90,90,0,83.1,83.9,,70,70,3.5,83.1
02:54:50,,90,90,-0.62,90,90,0,83.1,83.9,,70,70,2.8,83.1
02:55:00,,90,90,-0.64,90,90,0,83.1,83.9,,70,70,4.8,83.1
02:55:10,,90,90,-0.66,90,90,0,83.1,83.9,,70,70,4.3,83.2
02:55:20,,90,90,-0.56,90,90,0,83.1,83.8,,70,70,7.3,83.1
02:55:30,,90,90,-0.66,90,90,0,83.1,83.8,,70,70,5.1,83.2
02:55:40,,90,90,-0.63,90,90,0,83.1,83.8,,70,70,5.8,83.3
02:55:50,,90,90,-0.62,90,90,0,83.1,83.9,,70,70,2,83.3
02:56:00,,90,90,-0.57,90,90,0,83.1,83.9,,70,70,5.1,83.3
02:56:10,,90,90,-0.59,90,90,0,83,83.9,,70,70,3.8,83.2
02:56:20,,90,90,-0.61,90,90,0,83,83.9,,70,70,6.3,83.3
02:56:30,,90,90,-0.56,90,90,0,83,83.9,,70,70,4.3,83.4
02:56:40,,90,90,-0.65,90,90,0,83,83.9,,70,70,4.3,83.5
02:56:50,,90,90,-0.65,90,90,0,83,84,,70,70,7.3,83.5
02:57:00,,90,90,-0.67,90,90,0,82.9,84,,70,70,4.8,83.5
02:57:10,,90,90,-0.72,90,90,0,82.9,84,,70,70,3,83.5
02:57:20,,90,90,-0.74,90,90,0,82.9,84,,70,70,6.1,83.5
02:57:30,,90,90,-0.98,90,90,0,82.9,84,,70,70,4,83.6
02:57:40,,90,90,-0.97,90,90,0,82.9,84,,70,70,3.5,83.6
02:57:50,,90,90,-1,90,90,0,83,84,,70,70,6.1,83.7
02:58:00,,90,90,-1.05,90,90,0,82.9,84,,70,70,4.8,83.7
02:58:10,,90,90,-1.08,90,90,0,82.9,84,,70,70,4.3,83.7
02:58:20,,90,90,-1.12,90,90,0,82.9,84,,70,70,3,83.8
02:58:30,,90,90,-1.15,90,90,0,82.9,84,,70,70,5.6,83.8
02:58:40,,90,90,-1.14,90,90,0,82.9,84,,70,70,6.1,83.8
02:58:50,,90,90,-1.11,90,90,0,83,84,,70,70,6.3,83.8
02:59:00,,90,90,-1.16,90,90,0,83.1,84,,70,70,3.8,83.9
02:59:10,,90,90,-1.16,90,90,0,83.1,84,,70,70,3.5,83.8
02:59:20,,90,90,-1.09,90,90,0,83.1,84,,70,70,5.6,83.8
02:59:30,,90,90,-1.13,90,90,0,83.2,84.1,,70,70,4.3,83.9
02:59:40,,90,90,-1.14,90,90,0,83.2,84.1,,70,70,4.3,83.9
02:59:50,,90,90,-1.12,90,90,0,83.2,84,,70,70,2.8,83.9
03:00:00,,90,90,-1.11,90,90,0,83.3,83.9,,70,70,5.3,83.9
03:00:10,,90,90,-1.1,90,90,0,83.3,83.9,,70,70,6.3,83.9
03:00:20,,90,90,-1.1,90,90,0,83.4,84,,70,70,2.5,83.9
03:00:30,,90,90,-1.07,90,90,0,83.5,83.9,,70,70,5.3,83.9
03:00:40,,90,90,-1.05,90,90,0,83.5,84,,70,70,6.3,84
03:00:50,,90,90,-1.11,90,90,0,83.5,83.9,,70,70,2.5,84
03:01:00,,90,90,-1.08,90,90,0,83.6,84,,70,70,6.6,84
03:01:10,,90,90,-1.04,90,90,0,83.6,84,,70,70,6.8,84
03:01:20,,90,90,-1.02,90,90,0,83.6,84,,70,70,3.3,84
03:01:30,,90,90,-1.01,90,90,0,83.5,83.9,,70,70,6.3,84.1
03:01:40,,90,90,-0.99,90,90,0,83.6,84,,70,70,5.8,84.1
03:01:50,,90,90,-0.99,90,90,0,83.6,84,,70,70,6.8,84.1
03:02:00,,90,90,-0.97,90,90,0,83.6,83.9,,70,70,3,84.1
03:02:10,,90,90,-0.97,90,90,0,83.6,83.9,,70,70,4.5,84
03:02:20,,90,90,-0.94,90,90,0,83.5,83.9,,70,70,6.3,84
03:02:30,,90,90,-1.01,90,90,0,83.5,83.9,,70,70,3.5,84
03:02:40,,90,90,-1.01,90,90,0,83.5,83.9,,70,70,5.8,84
03:02:50,,90,90,-1.04,90,90,0,83.5,83.9,,70,70,3.3,84
03:03:00,,90,90,-1,90,90,0,83.5,84,,70,70,4,84
03:03:10,,90,90,-1.03,90,90,0,83.6,84,,70,70,4.5,84
03:03:20,,90,90,-1.02,90,90,0,83.7,84,,70,70,6.3,84
03:03:30,,90,90,-1.03,90,90,0,83.7,84,,70,70,2.8,84
03:03:40,,90,90,-1,90,90,0,83.5,84,,70,70,3.8,83.9
03:03:50,,90,90,-0.97,90,90,0,83.5,84,,70,70,7.1,83.9
03:04:00,,90,90,-0.97,90,90,0,83.6,84,,70,70,3.8,83.9
03:04:10,,90,90,-0.96,90,90,0,83.6,84,,70,70,5.8,83.9
03:04:20,,90,90,-0.99,90,90,0,83.6,84,,70,70,7.1,83.8
03:04:30,,90,90,-0.98,90,90,0,83.6,84,,70,70,4,83.9
03:04:40,,90,90,-1.01,90,90,0,83.6,83.9,,70,70,4.8,83.9
03:04:50,,90,90,-1,90,90,0,83.6,84,,70,70,7.3,83.9
03:05:00,,90,90,-1.01,90,90,0,83.6,83.9,,70,70,3,83.9
03:05:10,,90,90,-1.01,90,90,0,83.6,83.9,,70,70,5.6,83.9
03:05:20,,90,90,-0.98,90,90,0,83.6,83.9,,70,70,3,83.9
03:05:30,,90,90,-0.93,90,90,0,83.6,83.9,,70,70,6.6,83.9
03:05:40,,90,90,-0.95,90,90,0,83.6,83.8,,70,70,5.1,84
03:05:50,,90,90,-0.89,90,90,0,83.6,83.9,,70,70,7.3,84
03:06:00,,90,90,-0.97,90,90,0,83.6,84,,70,70,3,84
03:06:10,,90,90,-0.94,90,90,0,83.6,84,,70,70,4.8,84
03:06:20,,90,90,-0.91,90,90,0,83.7,83.9,,70,70,7.1,84
03:06:30,,90,90,-0.91,90,90,0,83.7,83.8,,70,70,3,84
03:06:40,,90,90,-0.91,90,90,0,83.8,83.8,,70,70,5.3,84
03:06:50,,90,90,-0.89,90,90,0,83.8,83.8,,70,70,3,84
03:07:00,,90,90,-0.89,90,90,0,83.8,83.9,,70,70,6.8,84
03:07:10,,90,90,-0.88,90,90,0,83.9,83.9,,70,70,6.1,84
03:07:20,,90,90,-0.87,90,90,0,84,84,,70,70,2.8,84
03:07:30,,90,90,-0.84,90,90,0,84.1,84,,70,70,6.6,84
03:07:40,,90,90,-0.83,90,90,0,84.1,84,,70,70,6.3,84
03:07:50,,90,90,-0.85,90,90,0,84.2,84,,70,70,3.3,84
03:08:00,,90,90,-0.82,90,90,0,84.3,84,,70,70,6.6,84
03:08:10,,90,90,-0.87,90,90,0,84.2,84,,70,70,6.1,84
03:08:20,,90,90,-0.8,90,90,0,84.2,84,,70,70,3.5,83.9
03:08:30,,90,90,-0.9,90,90,0,84.2,84,,70,70,6.6,83.9
03:08:40,,90,90,-1.13,90,90,0,84.1,84,,70,70,4.5,83.9
03:08:50,,90,90,-1.09,90,90,0,84.1,84.1,,70,70,6.6,83.8
03:09:00,,90,90,-1.12,90,90,0,84.2,84,,70,70,2.8,83.8
03:09:10,,90,90,-1.1,90,90,0,84.3,84,,70,70,4.5,83.9
03:09:20,,90,90,-1.1,90,90,0,84.3,83.9,,70,70,7.9,83.9
03:09:30,,90,90,-1.11,90,90,0,84.3,83.8,,70,70,6.3,83.9
03:09:40,,90,90,-1.07,90,90,0,84.3,83.9,,70,70,5.3,83.8
03:09:50,,90,90,-1.09,90,90,0,84.4,83.9,,70,70,3.5,83.9
03:10:00,,90,90,-1.1,90,90,0,84.4,83.9,,70,70,6.6,83.8
03:10:10,,90,90,-1.02,90,90,0,84.4,83.9,,70,70,4.5,83.8
03:10:20,,90,90,-0.98,90,90,0,84.5,83.8,,70,70,6.3,83.8
03:10:30,,90,90,-1.01,90,90,0,84.5,83.8,,70,70,2,83.8
03:10:40,,90,90,-1.01,90,90,0,84.5,83.8,,70,70,5.3,83.8
03:10:50,,90,90,-0.99,90,90,0,84.5,83.8,,70,70,6.6,83.9
03:11:00,,90,90,-0.92,90,90,0,84.5,83.8,,70,70,3,83.9
03:11:10,,90,90,-0.96,90,90,0,84.5,83.9,,70,70,5.1,83.9
03:11:20,,90,90,-0.96,90,90,0,84.5,83.9,,70,70,6.6,83.9
03:11:30,,90,90,-0.95,90,90,0,84.5,83.9,,70,70,3.5,83.9
03:11:40,,90,90,-0.97,90,90,0,84.5,84,,70,70,4.8,83.9
03:11:50,,90,90,-0.93,90,90,0,84.5,83.9,,70,70,7.1,83.9
03:12:00,,90,90,-0.9,90,90,0,84.6,83.9,,70,70,3.8,83.9
03:12:10,,90,90,-0.9,90,90,0,84.5,84,,70,70,4.8,83.9
03:12:20,,90,90,-0.88,90,90,0,84.5,84,,70,70,3,83.8
03:12:30,,90,90,-0.87,90,90,0,84.5,83.9,,70,70,6.3,83.9
03:12:40,,90,90,-0.83,90,90,0,84.5,83.9,,70,70,5.3,83.9
03:12:50,,90,90,-0.87,90,90,0,84.5,84,,70,70,3.5,83.8
03:13:00,,90,90,-0.86,90,90,0,84.4,84,,70,70,3.3,83.8
03:13:10,,90,90,-0.86,90,90,0,84.4,83.9,,70,70,4.8,83.8
03:13:20,,90,90,-0.89,90,90,0,84.4,83.8,,70,70,6.6,83.7
03:13:30,,90,90,-1.17,90,90,0,84.4,83.8,,70,70,7.1,83.7
03:13:40,,90,90,-1.19,90,90,0,84.5,83.8,,70,70,5.3,83.8
03:13:50,,90,90,-1.21,90,90,0,84.6,83.9,,70,70,3.5,83.8
03:14:00,,90,90,-1.18,90,90,0,84.6,83.8,,70,70,6.6,83.8
03:14:10,,90,90,-1.19,90,90,0,84.6,83.7,,70,70,4.3,83.8
03:14:20,,90,90,-1.16,90,90,0,84.6,83.7,,70,70,6.3,83.8
03:14:30,,90,90,-1.16,90,90,0,84.6,83.7,,70,70,6.6,83.7
03:14:40,,90,90,-1.1,90,90,0,84.5,83.8,,70,70,4.5,83.8
03:14:50,,90,90,-1.23,90,90,0,84.5,83.7,,70,70,3.3,83.8
03:15:00,,90,90,-1.17,90,90,0,84.5,83.7,,70,70,7.1,83.8
03:15:10,,90,90,-1.16,90,90,0,84.6,83.8,,70,70,5.1,83.8
03:15:20,,90,90,-1.16,90,90,0,84.5,83.8,,70,70,3.3,83.8
03:15:30,,90,90,-1.11,90,90,0,84.5,83.8,,70,70,6.8,83.7
03:15:40,,90,90,-1.08,90,90,0,84.4,83.8,,70,70,5.6,83.7
03:15:50,,90,90,-1.17,90,90,0,84.4,83.9,,70,70,6.6,83.7
03:16:00,,90,90,-1.17,90,90,0,84.4,83.9,,70,70,2.8,83.7
03:16:10,,90,90,-1.18,90,90,0,84.3,83.9,,70,70,4.5,83.7
03:16:20,,90,90,-1.14,90,90,0,84.2,83.9,,70,70,3.5,83.6
03:16:30,,90,90,-1.15,90,90,0,84.2,83.8,,70,70,7.3,83.6
03:16:40,,90,90,-1.16,90,90,0,84.2,83.8,,70,70,4,83.6
03:16:50,,90,90,-1.15,90,90,0,84.2,83.8,,70,70,4.3,83.6
03:17:00,,90,90,-1.11,90,90,0,84.2,83.9,,70,70,6.8,83.6
03:17:10,,90,90,-1.07,90,90,0,84.2,83.9,,70,70,5.1,83.6
03:17:20,,90,90,-1.08,90,90,0,84.1,83.9,,70,70,6.3,83.6
03:17:30,,90,90,-1.07,90,90,0,84.2,83.9,,70,70,2.8,83.6
03:17:40,,90,90,-1.03,90,90,0,84.1,83.9,,70,70,5.6,83.6
03:17:50,,90,90,-1.06,90,90,0,84.2,83.9,,70,70,6.8,83.6
03:18:00,,90,90,-1,90,90,0,84.2,83.9,,70,70,6.8,83.5
03:18:10,,90,90,-1,90,90,0,84.2,84,,70,70,6.1,83.6
03:18:20,,90,90,-0.97,90,90,0,84.2,84,,70,70,6.6,83.6
03:18:30,,90,90,-0.97,90,90,0,84.1,84,,70,70,2.8,83.5
03:18:40,,90,90,-0.98,90,90,0,84,84,,70,70,6.1,83.5
03:18:50,,90,90,-0.96,90,90,0,84.1,84,,70,70,6.3,83.5
03:19:00,,90,90,-0.95,90,90,0,84.1,83.9,,70,70,3,83.5
03:19:10,,90,90,-0.96,90,90,0,84.2,83.9,,70,70,4,83.5
03:19:20,,90,90,-0.97,90,90,0,84.1,83.9,,70,70,6.6,83.4
03:19:30,,90,90,-1.04,90,90,0,84.1,83.9,,70,70,6.8,83.4
03:19:40,,90,90,-1,90,90,0,84.1,84,,70,70,3.8,83.4
03:19:50,,90,90,-0.98,90,90,0,84.1,83.9,,70,70,3.8,83.4
03:20:00,,90,90,-0.97,90,90,0,84.1,84,,70,70,2.8,83.4
03:20:10,,90,90,-0.99,90,90,0,84,84,,70,70,6.1,83.4
03:20:20,,90,90,-0.94,90,90,0,84,84,,70,70,5.3,83.4
03:20:30,,90,90,-0.89,90,90,0,84,84.1,,70,70,6.1,83.3
03:20:40,,90,90,-0.9,90,90,0,84,84.1,,70,70,3.8,83.3
03:20:50,,90,90,-0.89,90,90,0,84,84,,70,70,4.3,83.3
03:21:00,,90,90,-1.03,90,90,0,84,84.1,,70,70,7.1,83.3
03:21:10,,90,90,-0.98,90,90,0,83.9,84,,70,70,3.3,83.3
03:21:20,,90,90,-1.03,90,90,0,84,84,,70,70,3,83.4
03:21:30,,90,90,-0.99,90,90,0,83.9,83.9,,70,70,7.6,83.4
03:21:40,,90,90,-0.99,90,90,0,84,83.9,,70,70,4.5,83.5
03:21:50,,90,90,-1.02,90,90,0,83.9,83.9,,70,70,3,83.5
03:22:00,,90,90,-1.02,90,90,0,83.9,83.9,,70,70,6.6,83.4
03:22:10,,90,90,-1.06,90,90,0,83.8,83.9,,70,70,4.3,83.4
03:22:20,,90,90,-1.02,90,90,0,83.7,83.9,,70,70,4.5,83.4
03:22:30,,90,90,-1.06,90,90,0,83.7,83.8,,70,70,2.8,83.4
03:22:40,,90,90,-0.99,90,90,0,83.6,83.8,,70,70,3.3,83.4
03:22:50,,90,90,-1.02,90,90,0,83.6,83.8,,70,70,5.3,83.4
03:23:00,,90,90,-1.02,90,90,0,83.5,83.8,,70,70,2.2,83.4
03:23:10,,90,90,-1.01,90,90,0,83.5,83.9,,70,70,6.3,83.4
03:23:20,,90,90,-1,90,90,0,83.6,83.8,,70,70,5.8,83.4
03:23:30,,90,90,-1,90,90,0,83.6,83.8,,70,70,6.6,83.4
03:23:40,,90,90,-0.96,90,90,0,83.6,83.8,,70,70,3.5,83.3
03:23:50,,90,90,-0.97,90,90,0,83.6,83.8,,70,70,4.5,83.3
03:24:00,,90,90,-0.92,90,90,0,83.6,83.9,,70,70,2.2,83.3
03:24:10,,90,90,-0.93,90,90,0,83.6,83.9,,70,70,5.6,83.3
03:24:20,,90,90,-0.95,90,90,0,83.6,83.9,,70,70,5.8,83.2
03:24:30,,90,90,-0.91,90,90,0,83.7,83.9,,70,70,2.5,83.2
03:24:40,,90,90,-0.89,90,90,0,83.7,83.9,,70,70,6.3,83.2
03:24:50,,90,90,-0.88,90,90,0,83.7,83.9,,70,70,5.3,83.2
03:25:00,,90,90,-0.88,90,90,0,83.6,83.9,,70,70,3,83.1
03:25:10,,90,90,-0.86,90,90,0,83.5,83.9,,70,70,5.8,83.1
03:25:20,,90,90,-0.83,90,90,0,83.5,83.9,,70,70,5.3,83.1
03:25:30,,90,90,-0.83,90,90,0,83.4,83.9,,70,70,2.5,83.2
03:25:40,,90,90,-0.85,90,90,0,83.4,83.9,,70,70,6.8,83.1
03:25:50,,90,90,-0.78,90,90,0,83.4,83.9,,70,70,5.8,83.1
03:26:00,,90,90,-0.82,90,90,0,83.4,83.9,,70,70,2.2,83
03:26:10,,90,90,-0.94,90,90,0,83.4,83.9,,70,70,4.8,83.1
03:26:20,,90,90,-0.92,90,90,0,83.4,83.9,,70,70,3.5,83
03:26:30,,90,90,-0.9,90,90,0,83.5,83.9,,70,70,6.6,83
03:26:40,,90,90,-0.93,90,90,0,83.5,83.9,,70,70,3.8,83
03:26:50,,90,90,-0.93,90,90,0,83.5,83.9,,70,70,5.3,82.9
03:27:00,,90,90,-1.01,90,90,0,83.5,83.9,,70,70,2.2,82.8
03:27:10,,90,90,-1.01,90,90,0,83.7,83.8,,70,70,5.6,82.8
03:27:20,,90,90,-0.96,90,90,0,83.7,83.8,,70,70,5.6,82.8
03:27:30,,90,90,-0.96,90,90,0,83.8,83.8,,70,70,6.8,82.8
03:27:40,,90,90,-0.99,90,90,0,83.9,83.9,,70,70,3.5,82.9
03:27:50,,90,90,-0.95,90,90,0,84,84,,70,70,3.8,82.9
03:28:00,,90,90,-0.96,90,90,0,84.1,84,,70,70,6.6,82.8
03:28:10,,90,90,-0.91,90,90,0,84.1,84.1,,70,70,4,82.8
03:28:20,,90,90,-0.91,90,90,0,84.1,84.2,,70,70,4,82.8
03:28:30,,90,90,-0.95,90,90,0,84.1,84.3,,70,70,6.3,82.9
03:28:40,,90,90,-0.91,90,90,0,84.1,84.4,,70,70,4.5,83
03:28:50,,90,90,-0.92,90,90,0,84.2,84.6,,70,70,3,83
03:29:00,,90,90,-0.92,90,90,0,84.2,84.7,,70,70,6.6,83
03:29:10,,90,90,-0.87,90,90,0,84.2,84.8,,70,70,3.3,83.1
03:29:20,,90,90,-0.93,90,90,0,84.3,84.9,,70,70,3.5,83.2
03:29:30,,90,90,-0.93,90,90,0,84.2,85,,70,70,6.1,83.2
03:29:40,,90,90,-0.92,90,90,0,84.2,85.1,,70,70,5.8,83.3
03:29:50,,90,90,-0.93,90,90,0,84.2,85.2,,70,70,5.3,83.3
03:30:00,,90,90,-0.91,90,90,0,84.2,85.2,,70,70,2.8,83.4
03:30:10,,90,90,-0.86,90,90,0,84.3,85.2,,70,70,5.8,83.4
03:30:20,,90,90,-0.88,90,90,0,84.3,85.4,,70,70,4,83.5
03:30:30,,90,90,-0.85,90,90,0,84.3,85.5,,70,70,6.8,83.5
03:30:40,,90,90,-0.84,90,90,0,84.3,85.5,,70,70,3.3,83.5
03:30:50,,90,90,-0.84,90,90,0,84.3,85.5,,70,70,5.3,83.5
03:31:00,,90,90,-0.84,90,90,0,84.3,85.6,,70,70,2.8,83.6
03:31:10,,90,90,-0.85,90,90,0,84.3,85.6,,70,70,6.8,83.6
03:31:20,,90,90,-0.81,90,90,0,84.2,85.5,,70,70,5.6,83.7
03:31:30,,90,90,-0.82,90,90,0,84.3,85.6,,70,70,3.3,83.6
03:31:40,,90,90,-0.8,90,90,0,84.2,85.6,,70,70,6.3,83.6
03:31:50,,90,90,-0.8,90,90,0,84.3,85.6,,70,70,5.6,83.7
03:32:00,,90,90,-0.87,90,90,0,84.3,85.7,,70,70,2.8,83.7
03:32:10,,90,90,-0.87,90,90,0,84.3,85.8,,70,70,5.8,83.7
03:32:20,,90,90,-0.83,90,90,0,84.3,85.9,,70,70,5.6,83.7
03:32:30,,90,90,-0.76,90,90,0,84.2,86,,70,70,2.8,83.7
03:32:40,,90,90,-0.82,90,90,0,84.3,86.1,,70,70,6.6,83.8
03:32:50,,90,90,-0.88,90,90,0,84.3,86.1,,70,70,4.3,83.8
03:33:00,,90,90,-0.88,90,90,0,84.4,86.1,,70,70,6.1,83.8
03:33:10,,90,90,-0.92,90,90,0,84.4,86,,70,70,3.3,83.8
03:33:20,,90,90,-0.91,90,90,0,84.4,86,,70,70,5.3,83.8
03:33:30,,90,90,-0.89,90,90,0,84.4,86,,70,70,6.1,83.8
03:33:40,,90,90,-0.91,90,90,0,84.5,86.1,,70,70,4,83.9
03:33:50,,90,90,-0.95,90,90,0,84.5,86.1,,70,70,5.1,83.9
03:34:00,,90,90,-0.94,90,90,0,84.5,86.1,,70,70,2.5,83.9
03:34:10,,90,90,-0.94,90,90,0,84.5,86.1,,70,70,6.1,83.9
03:34:20,,90,90,-0.95,90,90,0,84.5,86.1,,70,70,4.3,83.9
03:34:30,,90,90,-0.96,90,90,0,84.5,86,,70,70,6.1,83.9
03:34:40,,90,90,-0.95,90,90,0,84.5,86.1,,70,70,2.8,83.9
03:34:50,,90,90,-1.01,90,90,0,84.5,86.2,,70,70,4.8,83.9
03:35:00,,90,90,-0.95,90,90,0,84.5,86.2,,70,70,6.6,83.9
03:35:10,,90,90,-0.94,90,90,0,84.4,86.3,,70,70,2.8,83.9
03:35:20,,90,90,-0.95,90,90,0,84.4,86.3,,70,70,4.5,83.9
03:35:30,,90,90,-0.94,90,90,0,84.4,86.2,,70,70,6.3,83.9
03:35:40,,90,90,-0.85,90,90,0,84.4,86.2,,70,70,3.5,83.9
03:35:50,,90,90,-0.9,90,90,0,84.4,86.2,,70,70,5.3,83.8
03:36:00,,90,90,-0.9,90,90,0,84.3,86.2,,70,70,6.6,83.8
03:36:10,,90,90,-0.87,90,90,0,84.2,86.1,,70,70,2.5,83.8
03:36:20,,90,90,-0.84,90,90,0,84.2,85.9,,70,70,4.5,83.8
03:36:30,,90,90,-0.83,90,90,0,84.3,85.9,,70,70,6.1,83.8
03:36:40,,90,90,-0.85,90,90,0,84.3,86,,70,70,2.2,83.7
03:36:50,,90,90,-0.89,90,90,0,84.3,86.1,,70,70,4.8,83.7
03:37:00,,90,90,-0.84,90,90,0,84.4,86.1,,70,70,2.8,83.8
03:37:10,,90,90,-0.94,90,90,0,84.4,86.1,,70,70,2.5,83.7
03:37:20,,90,90,-0.83,90,90,0,84.4,86.1,,70,70,3.5,83.7
03:37:30,,90,90,-0.83,90,90,0,84.5,86.1,,70,70,5.8,83.6
03:37:40,,90,90,-0.85,90,90,0,84.5,86.2,,70,70,2.5,83.6
03:37:50,,90,90,-0.81,90,90,0,84.7,86.2,,70,70,5.6,83.7
03:38:00,,90,90,-0.85,90,90,0,85,86.3,,70,70,3.3,83.7
03:38:10,,90,90,-0.83,90,90,0,85.1,86.4,,70,70,7.3,83.7
03:38:20,,90,90,-0.83,90,90,0,85.4,86.6,,70,70,4.5,83.7
03:38:30,,90,90,-0.8,90,90,0,85.6,86.7,,70,70,3.5,83.7
03:38:40,,90,90,-0.8,90,90,0,85.8,86.9,,70,70,7.1,83.7
03:38:50,,90,90,-0.85,90,90,0,86,87,,70,70,3.8,83.8
03:39:00,,90,90,-0.82,90,90,0,86.2,87.1,,70,70,3,83.8
03:39:10,,90,90,-0.91,90,90,0,86.4,87.3,,70,70,6.3,83.9
03:39:20,,90,90,-0.86,90,90,0,86.5,87.4,,70,70,4.3,83.9
03:39:30,,90,90,-0.77,90,90,0,86.7,87.5,,70,70,2.8,83.9
03:39:40,,90,90,-0.82,90,90,0,86.8,87.7,,70,70,6.3,84
03:39:50,,90,90,-0.91,90,90,0,87,87.9,,70,70,4.3,84
03:40:00,,90,90,-0.9,90,90,0,87.1,88.1,,70,70,6.3,84
03:40:10,,90,90,-0.9,90,90,0,87.2,88.2,,70,70,2.2,84
03:40:20,,90,90,-0.89,90,90,0,87.3,88.4,,70,70,5.1,84
03:40:30,,90,90,-0.92,90,90,0,87.3,88.6,,70,70,5.3,84.1
03:40:40,,90,90,-0.87,90,90,0,87.4,88.7,,70,70,6.6,84.1
03:40:50,,90,90,-0.91,90,90,0,87.5,88.8,,70,70,4.3,84.1
03:41:00,,90,90,-0.97,90,90,0,87.6,88.9,,70,70,4,84.1
03:41:10,,90,90,-0.95,90,90,0,87.6,89.1,,70,70,7.1,84.2
03:41:20,,90,90,-0.9,90,90,0,87.7,89.2,,70,70,5.3,84.2
03:41:30,,90,90,-0.93,90,90,0,87.8,89.4,,70,70,6.6,84.3
03:41:40,,90,90,-0.94,90,90,0,87.9,89.4,,70,70,3,84.3
03:41:50,,90,90,-0.92,90,90,0,88,89.6,,70,70,4.5,84.3
03:42:00,,90,90,-0.86,90,90,0,88,89.7,,70,70,5.8,84.4
03:42:10,,90,90,-0.83,90,90,0,88.1,89.8,,70,70,2.5,84.3
03:42:20,,90,90,-0.85,90,90,0,88.2,89.9,,70,70,4.5,84.2
03:42:30,,90,90,-0.92,90,90,0,88.3,90,,70,70,6.1,84.3
03:42:40,,90,90,-0.9,90,90,0,88.4,90.1,,70,70,2.5,84.3
03:42:50,,90,90,-0.91,90,90,0,88.4,90.1,,70,70,4.8,84.2
03:43:00,,90,90,-0.86,90,90,0,88.4,90.1,,70,70,5.8,84.2
03:43:10,,90,90,-0.91,90,90,0,88.4,90.2,,70,70,2.2,84.2
03:43:20,,90,90,-0.88,90,90,0,88.4,90.2,,70,70,5.1,84.2
03:43:30,,90,90,-0.85,90,90,0,88.4,90.2,,70,70,3.8,84.2
03:43:40,,90,90,-0.86,90,90,0,88.4,90.2,,70,70,7.1,84.2
03:43:50,,90,90,-0.86,90,90,0,88.4,90.3,,70,70,4,84.2
03:44:00,,90,90,-0.89,90,90,0,88.3,90.2,,70,70,4.5,84.3
03:44:10,,90,90,-0.84,90,90,0,88.3,90.2,,70,70,3,84.3
03:44:20,,90,90,-0.85,90,90,0,88.4,90.2,,70,70,6.1,84.4
03:44:30,,90,90,-0.77,90,90,0,88.4,90.1,,70,70,6.6,84.4
03:44:40,,90,90,-0.86,90,90,0,88.5,90.1,,70,70,2.8,84.4
03:44:50,,90,90,-0.87,90,90,0,88.5,90,,70,70,4,84.4
03:45:00,,90,90,-0.95,90,90,0,88.5,89.9,,70,70,5.8,84.4
03:45:10,,90,90,-0.91,90,90,0,88.5,89.9,,70,70,6.6,84.4
03:45:20,,90,90,-0.86,90,90,0,88.5,89.8,,70,70,3.8,84.4
03:45:30,,90,90,-0.87,90,90,0,88.5,89.8,,70,70,3.5,84.4
03:45:40,,90,90,-0.87,90,90,0,88.4,89.6,,70,70,6.8,84.4
03:45:50,,90,90,-0.88,90,90,0,88.4,89.5,,70,70,4,84.4
03:46:00,,90,90,-0.9,90,90,0,88.4,89.4,,70,70,3,84.4
03:46:10,,90,90,-0.9,90,90,0,88.3,89.2,,70,70,5.8,84.4
03:46:20,,90,90,-1,90,90,0,88.3,89.1,,70,70,3.8,84.4
03:46:30,,90,90,-0.99,90,90,0,88.2,89.1,,70,70,4.5,84.5
03:46:40,,90,90,-0.98,90,90,0,88.2,88.9,,70,70,6.8,84.5
03:46:50,,90,90,-0.96,90,90,0,88.2,88.7,,70,70,3.5,84.5
03:47:00,,90,90,-0.98,90,90,0,88.2,88.6,,70,70,6.8,84.5
03:47:10,,90,90,-0.95,90,90,0,88.2,88.5,,70,70,2.5,84.6
03:47:20,,90,90,-0.89,90,90,0,88.2,88.4,,70,70,6.6,84.7
03:47:30,,90,90,-0.83,90,90,0,88.2,88.2,,70,70,6.3,84.7
03:47:40,,90,90,-0.93,90,90,0,88.1,88.1,,70,70,2.8,84.7
03:47:50,,90,90,-0.92,90,90,0,88.2,88,,70,70,5.8,84.7
03:48:00,,90,90,-0.81,90,90,0,88.1,87.9,,70,70,4,84.7
03:48:10,,90,90,-0.95,90,90,0,88.2,87.8,,70,70,6.3,84.6
03:48:20,,90,90,-0.9,90,90,0,88.2,87.8,,70,70,3.5,84.6
03:48:30,,90,90,-0.9,90,90,0,88.1,87.7,,70,70,5.6,84.6
03:48:40,,90,90,-0.87,90,90,0,88.1,87.5,,70,70,2.5,84.6
03:48:50,,90,90,-0.89,90,90,0,88.2,87.5,,70,70,6.6,84.6
03:49:00,,90,90,-0.87,90,90,0,88.2,87.4,,70,70,6.3,84.6
03:49:10,,90,90,-0.76,90,90,0,88.2,87.3,,70,70,2.8,84.6
03:49:20,,90,90,-0.83,90,90,0,88.2,87.2,,70,70,6.3,84.6
03:49:30,,90,90,-0.8,90,90,0,88.1,87.1,,70,70,5.3,84.6
03:49:40,,90,90,-0.84,90,90,0,88.1,87.1,,70,70,3.3,84.6
03:49:50,,90,90,-0.78,90,90,0,88.1,87.1,,70,70,6.8,84.7
03:50:00,,90,90,-0.76,90,90,0,88.1,87,,70,70,6.1,84.7
03:50:10,,90,90,-0.79,90,90,0,88.1,86.9,,70,70,3.3,84.7
03:50:20,,90,90,-0.75,90,90,0,88,86.9,,70,70,7.1,84.7
03:50:30,,90,90,-0.7,90,90,0,88,86.8,,70,70,5.1,84.7
03:50:40,,90,90,-0.79,90,90,0,88,86.8,,70,70,6.8,84.8
03:50:50,,90,90,-0.84,90,90,0,88,86.7,,70,70,3,84.8
03:51:00,,90,90,-0.85,90,90,0,88,86.7,,70,70,4.5,84.8
03:51:10,,90,90,-0.82,90,90,0,88,86.6,,70,70,6.6,84.7
03:51:20,,90,90,-0.89,90,90,0,88,86.6,,70,70,6.3,84.7
03:51:30,,90,90,-0.91,90,90,0,87.9,86.5,,70,70,5.6,84.7
03:51:40,,90,90,-0.84,90,90,0,87.9,86.4,,70,70,3,84.7
03:51:50,,90,90,-0.86,90,90,0,87.8,86.4,,70,70,3,84.6
03:52:00,,90,90,-0.76,90,90,0,87.9,86.4,,70,70,4.5,84.6
03:52:10,,90,90,-0.83,90,90,0,87.9,86.4,,70,70,6.6,84.6
03:52:20,,90,90,-0.83,90,90,0,87.8,86.3,,70,70,3.3,84.6
03:52:30,,90,90,-0.76,90,90,0,87.8,86.3,,70,70,4.5,84.6
03:52:40,,90,90,-0.83,90,90,0,87.8,86.3,,70,70,6.8,84.6
03:52:50,,90,90,-0.8,90,90,0,87.7,86.3,,70,70,3,84.6
03:53:00,,90,90,-0.9,90,90,0,87.7,86.2,,70,70,5.3,84.6
03:53:10,,90,90,-0.9,90,90,0,87.7,86.2,,70,70,7.9,84.6
03:53:20,,90,90,-0.85,90,90,0,87.8,86.2,,70,70,3.8,84.6
03:53:30,,90,90,-0.89,90,90,0,87.7,86.2,,70,70,5.6,84.6
03:53:40,,90,90,-0.92,90,90,0,87.8,86.1,,70,70,7.9,84.6
03:53:50,,90,90,-0.86,90,90,0,87.9,86,,70,70,6.8,84.7
03:54:00,,90,90,-0.88,90,90,0,87.8,86,,70,70,5.6,84.7
03:54:10,,90,90,-0.9,90,90,0,87.8,86,,70,70,3,84.7
03:54:20,,90,90,-0.81,90,90,0,87.8,86,,70,70,6.8,84.6
03:54:30,,90,90,-0.8,90,90,0,87.8,85.9,,70,70,4.8,84.6
03:54:40,,90,90,-0.8,90,90,0,87.7,85.9,,70,70,3,84.6
03:54:50,,90,90,-0.87,90,90,0,87.7,85.8,,70,70,2.8,84.6
03:55:00,,90,90,-0.79,90,90,0,87.6,85.8,,70,70,5.3,84.6
03:55:10,,90,90,-0.76,90,90,0,87.7,85.8,,70,70,6.8,84.6
03:55:20,,90,90,-0.84,90,90,0,87.6,85.7,,70,70,3.3,84.6
03:55:30,,90,90,-0.75,90,90,0,87.6,85.6,,70,70,4.5,84.6
03:55:40,,90,90,-0.76,90,90,0,87.6,85.6,,70,70,3.8,84.6
03:55:50,,90,90,-0.75,90,90,0,87.6,85.5,,70,70,7.1,84.7
03:56:00,,90,90,-0.81,90,90,0,87.6,85.5,,70,70,4.8,84.7
03:56:10,,90,90,-0.83,90,90,0,87.5,85.5,,70,70,4.3,84.7
03:56:20,,90,90,-0.79,90,90,0,87.5,85.4,,70,70,7.3,84.8
03:56:30,,90,90,-0.77,90,90,0,87.5,85.4,,70,70,5.6,84.8
03:56:40,,90,90,-0.87,90,90,0,87.5,85.3,,70,70,3.8,84.8
03:56:50,,90,90,-0.8,90,90,0,87.4,85.3,,70,70,7.3,84.8
03:57:00,,90,90,-0.8,90,90,0,87.4,85.3,,70,70,4.3,84.7
03:57:10,,90,90,-0.77,90,90,0,87.4,85.2,,70,70,4.3,84.7
03:57:20,,90,90,-0.8,90,90,0,87.4,85.2,,70,70,2.5,84.7
03:57:30,,90,90,-0.84,90,90,0,87.4,85.1,,70,70,3.5,84.7
03:57:40,,90,90,-0.8,90,90,0,87.4,85.1,,70,70,6.1,84.7
03:57:50,,90,90,-0.9,90,90,0,87.4,85.1,,70,70,3,84.7
03:58:00,,90,90,-0.84,90,90,0,87.4,85.1,,70,70,6.8,84.7
03:58:10,,90,90,-0.89,90,90,0,87.4,85.1,,70,70,4,84.7
03:58:20,,90,90,-0.9,90,90,0,87.5,85,,70,70,7.1,84.7
03:58:30,,90,90,-0.86,90,90,0,87.5,85,,70,70,4,84.6
03:58:40,,90,90,-0.86,90,90,0,87.6,84.9,,70,70,5.1,84.5
03:58:50,,90,90,-0.9,90,90,0,87.6,84.9,,70,70,7.1,84.4
03:59:00,,90,90,-0.82,90,90,0,87.6,84.9,,70,70,7.6,84.4
03:59:10,,90,90,-0.84,90,90,0,87.7,84.9,,70,70,6.8,84.3
03:59:20,,90,90,-0.88,90,90,0,87.7,84.8,,70,70,3.5,84.3
03:59:30,,90,90,-0.8,90,90,0,87.7,84.8,,70,70,6.3,84.3
03:59:40,,90,90,-0.86,90,90,0,87.7,84.8,,70,70,6.8,84.2
03:59:50,,90,90,-0.87,90,90,0,87.7,84.8,,70,70,3.5,84.2
04:00:00,,90,90,-0.81,90,90,0,87.7,84.7,,70,70,4.3,84.2
04:00:10,,90,90,-0.92,90,90,0,87.7,84.7,,70,70,5.8,84.2
04:00:20,,90,90,-0.91,90,90,0,87.7,84.8,,70,70,2.2,84.1
04:00:30,,90,90,-0.85,90,90,0,87.7,84.8,,70,70,6.6,84.1
04:00:40,,90,90,-0.79,90,90,0,87.6,84.7,,70,70,5.8,84.1
04:00:50,,90,90,-0.77,90,90,0,87.6,84.6,,70,70,6.6,84.1
04:01:00,,90,90,-0.79,90,90,0,87.6,84.6,,70,70,6.6,84.1
04:01:10,,90,90,-0.76,90,90,0,87.6,84.6,,70,70,5.1,84.1
04:01:20,,90,90,-0.79,90,90,0,87.7,84.6,,70,70,6.6,84.1
04:01:30,,90,90,-0.8,90,90,0,87.7,84.6,,70,70,3.3,84.1
04:01:40,,90,90,-0.71,90,90,0,87.7,84.6,,70,70,5.3,84.1
04:01:50,,90,90,-0.74,90,90,0,87.6,84.6,,70,70,3.3,84.1
04:02:00,,90,90,-0.73,90,90,0,87.6,84.6,,70,70,8.1,84.1
04:02:10,,90,90,-0.74,90,90,0,87.7,84.6,,70,70,5.8,84
04:02:20,,90,90,-0.76,90,90,0,87.7,84.6,,70,70,7.3,84
04:02:30,,90,90,-0.74,90,90,0,87.7,84.6,,70,70,4,84
04:02:40,,90,90,-0.71,90,90,0,87.8,84.6,,70,70,5.3,83.9
04:02:50,,90,90,-0.71,90,90,0,87.8,84.5,,70,70,6.3,83.9
04:03:00,,90,90,-0.72,90,90,0,87.8,84.6,,70,70,3.3,83.9
04:03:10,,90,90,-0.74,90,90,0,87.7,84.6,,70,70,4,84
04:03:20,,90,90,-0.71,90,90,0,87.7,84.6,,70,70,2.8,84
04:03:30,,90,90,-0.76,90,90,0,87.7,84.6,,70,70,3,84.1
04:03:40,,90,90,-0.79,90,90,0,87.7,84.5,,70,70,5.3,84.1
04:03:50,,90,90,-0.8,90,90,0,87.8,84.5,,70,70,6.8,84.1
04:04:00,,90,90,-0.83,90,90,0,87.7,84.5,,70,70,3,84.1
04:04:10,,90,90,-0.79,90,90,0,87.7,84.5,,70,70,5.6,84.1
04:04:20,,90,90,-0.77,90,90,0,87.7,84.5,,70,70,6.8,84.1
04:04:30,,90,90,-0.77,90,90,0,87.6,84.4,,70,70,3.5,84.1
04:04:40,,90,90,-0.78,90,90,0,87.6,84.4,,70,70,4.5,84.1
04:04:50,,90,90,-0.74,90,90,0,87.6,84.4,,70,70,4.3,84.1
04:05:00,,90,90,-0.81,90,90,0,87.6,84.4,,70,70,3.8,84.1
04:05:10,,90,90,-0.8,90,90,0,87.6,84.4,,70,70,6.3,84.1
04:05:20,,90,90,-0.77,90,90,0,87.6,84.5,,70,70,6.8,84.1
04:05:30,,90,90,-0.84,90,90,0,87.6,84.4,,70,70,3.8,84.1
04:05:40,,90,90,-0.86,90,90,0,87.6,84.4,,70,70,6.1,84.1
04:05:50,,90,90,-0.85,90,90,0,87.6,84.4,,70,70,4.3,84.1
04:06:00,,90,90,-0.78,90,90,0,87.5,84.4,,70,70,6.6,84.1
04:06:10,,90,90,-0.85,90,90,0,87.5,84.4,,70,70,4.3,84.1
04:06:20,,90,90,-0.81,90,90,0,87.5,84.4,,70,70,3,84.1
04:06:30,,90,90,-0.85,90,90,0,87.6,84.4,,70,70,6.6,84.2
04:06:40,,90,90,-0.81,90,90,0,87.6,84.4,,70,70,4,84.2
04:06:50,,90,90,-0.8,90,90,0,87.6,84.4,,70,70,3.5,84.1
04:07:00,,90,90,-0.78,90,90,0,87.6,84.3,,70,70,7.3,84.1
04:07:10,,90,90,-0.77,90,90,0,87.6,84.3,,70,70,6.1,84.1
04:07:20,,90,90,-0.77,90,90,0,87.5,84.4,,70,70,4,84.1
04:07:30,,90,90,-0.7,90,90,0,87.5,84.4,,70,70,6.6,84.2
04:07:40,,90,90,-0.73,90,90,0,87.5,84.4,,70,70,3.8,84.2
04:07:50,,90,90,-0.77,90,90,0,87.4,84.4,,70,70,5.3,84.2
04:08:00,,90,90,-0.74,90,90,0,87.5,84.3,,70,70,7.9,84.2
04:08:10,,90,90,-0.74,90,90,0,87.5,84.3,,70,70,6.8,84.2
04:08:20,,90,90,-0.78,90,90,0,87.5,84.3,,70,70,6.6,84.2
04:08:30,,90,90,-0.73,90,90,0,87.6,84.4,,70,70,3.5,84.2
04:08:40,,90,90,-0.76,90,90,0,87.5,84.4,,70,70,4.8,84.2
04:08:50,,90,90,-0.73,90,90,0,87.5,84.4,,70,70,4.5,84.2
04:09:00,,90,90,-0.72,90,90,0,87.5,84.3,,70,70,6.6,84.2
04:09:10,,90,90,-0.76,90,90,0,87.5,84.3,,70,70,3,84.2
04:09:20,,90,90,-0.74,90,90,0,87.5,84.3,,70,70,4.3,84.2
04:09:30,,90,90,-0.81,90,90,0,87.5,84.3,,70,70,3,84.3
04:09:40,,90,90,-0.75,90,90,0,87.5,84.3,,70,70,5.6,84.3
04:09:50,,90,90,-0.79,90,90,0,87.5,84.3,,70,70,6.6,84.3
04:10:00,,90,90,-0.77,90,90,0,87.5,84.3,,70,70,3.5,84.4
04:10:10,,90,90,-0.74,90,90,0,87.5,84.3,,70,70,5.1,84.4
04:10:20,,90,90,-0.82,90,90,0,87.6,84.3,,70,70,6.3,84.4
04:10:30,,90,90,-0.75,90,90,0,87.6,84.3,,70,70,7.1,84.5
04:10:40,,90,90,-0.81,90,90,0,87.6,84.4,,70,70,6.8,84.5
04:10:50,,90,90,-0.84,90,90,0,87.5,84.4,,70,70,5.8,84.5
04:11:00,,90,90,-0.86,90,90,0,87.6,84.3,,70,70,4,84.5
04:11:10,,90,90,-0.84,90,90,0,87.6,84.3,,70,70,7.3,84.4
04:11:20,,90,90,-0.8,90,90,0,87.6,84.3,,70,70,6.6,84.4
04:11:30,,90,90,-0.86,90,90,0,87.5,84.3,,70,70,4,84.4
04:11:40,StepFinished Stirrer 1 - Hold Frequency at 90rpm:StepStarted Stirrer 1 - Stopped:StepFinished Stirrer 2 - Hold Frequency at 90rpm:StepStarted Stirrer 2 - Stopped,90,90,-0.79,90,90,0,87.5,84.3,"StepFinished Stirrer 3 - Hold Frequency at 70rpm:StepStarted Stirrer 3 - Stopped""",70,70,4,84.4
